"LOCATION","INDICATOR","SUBJECT","MEASURE","FREQUENCY","TIME","Value","Flag Codes"
"AUS","LIFEEXP","MEN","YR","A","1999",76.2,
"AUS","LIFEEXP","MEN","YR","A","2000",76.6,
"AUS","LIFEEXP","MEN","YR","A","2001",77,
"AUS","LIFEEXP","MEN","YR","A","2002",77.4,
"AUS","LIFEEXP","MEN","YR","A","2003",77.8,
"AUS","LIFEEXP","MEN","YR","A","2004",78.1,
"AUS","LIFEEXP","MEN","YR","A","2005",78.5,
"AUS","LIFEEXP","MEN","YR","A","2006",78.7,
"AUS","LIFEEXP","MEN","YR","A","2007",79,
"AUS","LIFEEXP","MEN","YR","A","2008",79.2,
"AUS","LIFEEXP","MEN","YR","A","2009",79.3,
"AUS","LIFEEXP","MEN","YR","A","2010",79.5,
"AUS","LIFEEXP","MEN","YR","A","2011",79.7,
"AUS","LIFEEXP","MEN","YR","A","2012",79.9,
"AUS","LIFEEXP","MEN","YR","A","2013",80.1,
"AUS","LIFEEXP","MEN","YR","A","2014",80.3,
"AUS","LIFEEXP","MEN","YR","A","2015",80.4,
"AUS","LIFEEXP","MEN","YR","A","2016",80.4,
"AUS","LIFEEXP","MEN","YR","A","2017",80.5,
"AUS","LIFEEXP","MEN","YR","A","2018",80.7,
"AUS","LIFEEXP","WOMEN","YR","A","1999",81.8,
"AUS","LIFEEXP","WOMEN","YR","A","2000",82,
"AUS","LIFEEXP","WOMEN","YR","A","2001",82.4,
"AUS","LIFEEXP","WOMEN","YR","A","2002",82.6,
"AUS","LIFEEXP","WOMEN","YR","A","2003",82.8,
"AUS","LIFEEXP","WOMEN","YR","A","2004",83,
"AUS","LIFEEXP","WOMEN","YR","A","2005",83.3,
"AUS","LIFEEXP","WOMEN","YR","A","2006",83.5,
"AUS","LIFEEXP","WOMEN","YR","A","2007",83.7,
"AUS","LIFEEXP","WOMEN","YR","A","2008",83.7,
"AUS","LIFEEXP","WOMEN","YR","A","2009",83.9,
"AUS","LIFEEXP","WOMEN","YR","A","2010",84,
"AUS","LIFEEXP","WOMEN","YR","A","2011",84.2,
"AUS","LIFEEXP","WOMEN","YR","A","2012",84.3,
"AUS","LIFEEXP","WOMEN","YR","A","2013",84.3,
"AUS","LIFEEXP","WOMEN","YR","A","2014",84.4,
"AUS","LIFEEXP","WOMEN","YR","A","2015",84.5,
"AUS","LIFEEXP","WOMEN","YR","A","2016",84.6,
"AUS","LIFEEXP","WOMEN","YR","A","2017",84.6,
"AUS","LIFEEXP","WOMEN","YR","A","2018",84.9,
"AUT","LIFEEXP","MEN","YR","A","1999",74.9,
"AUT","LIFEEXP","MEN","YR","A","2000",75.2,
"AUT","LIFEEXP","MEN","YR","A","2001",75.6,
"AUT","LIFEEXP","MEN","YR","A","2002",75.8,
"AUT","LIFEEXP","MEN","YR","A","2003",75.9,
"AUT","LIFEEXP","MEN","YR","A","2004",76.4,
"AUT","LIFEEXP","MEN","YR","A","2005",76.6,
"AUT","LIFEEXP","MEN","YR","A","2006",77.1,
"AUT","LIFEEXP","MEN","YR","A","2007",77.4,
"AUT","LIFEEXP","MEN","YR","A","2008",77.7,
"AUT","LIFEEXP","MEN","YR","A","2009",77.6,
"AUT","LIFEEXP","MEN","YR","A","2010",77.8,
"AUT","LIFEEXP","MEN","YR","A","2011",78.3,
"AUT","LIFEEXP","MEN","YR","A","2012",78.4,
"AUT","LIFEEXP","MEN","YR","A","2013",78.6,
"AUT","LIFEEXP","MEN","YR","A","2014",79.1,
"AUT","LIFEEXP","MEN","YR","A","2015",78.8,
"AUT","LIFEEXP","MEN","YR","A","2016",79.3,
"AUT","LIFEEXP","MEN","YR","A","2017",79.4,
"AUT","LIFEEXP","MEN","YR","A","2018",79.4,
"AUT","LIFEEXP","WOMEN","YR","A","1999",81,
"AUT","LIFEEXP","WOMEN","YR","A","2000",81.2,
"AUT","LIFEEXP","WOMEN","YR","A","2001",81.7,
"AUT","LIFEEXP","WOMEN","YR","A","2002",81.7,
"AUT","LIFEEXP","WOMEN","YR","A","2003",81.5,
"AUT","LIFEEXP","WOMEN","YR","A","2004",82.1,
"AUT","LIFEEXP","WOMEN","YR","A","2005",82.2,
"AUT","LIFEEXP","WOMEN","YR","A","2006",82.8,
"AUT","LIFEEXP","WOMEN","YR","A","2007",83.1,
"AUT","LIFEEXP","WOMEN","YR","A","2008",83.3,
"AUT","LIFEEXP","WOMEN","YR","A","2009",83.2,
"AUT","LIFEEXP","WOMEN","YR","A","2010",83.5,
"AUT","LIFEEXP","WOMEN","YR","A","2011",83.8,
"AUT","LIFEEXP","WOMEN","YR","A","2012",83.6,
"AUT","LIFEEXP","WOMEN","YR","A","2013",83.8,
"AUT","LIFEEXP","WOMEN","YR","A","2014",84,
"AUT","LIFEEXP","WOMEN","YR","A","2015",83.7,
"AUT","LIFEEXP","WOMEN","YR","A","2016",84.1,
"AUT","LIFEEXP","WOMEN","YR","A","2017",84,
"AUT","LIFEEXP","WOMEN","YR","A","2018",84.1,
"BEL","LIFEEXP","MEN","YR","A","1999",74.4,
"BEL","LIFEEXP","MEN","YR","A","2000",74.6,
"BEL","LIFEEXP","MEN","YR","A","2001",74.9,
"BEL","LIFEEXP","MEN","YR","A","2002",75.1,
"BEL","LIFEEXP","MEN","YR","A","2003",75.3,
"BEL","LIFEEXP","MEN","YR","A","2004",76,
"BEL","LIFEEXP","MEN","YR","A","2005",76.2,
"BEL","LIFEEXP","MEN","YR","A","2006",76.6,
"BEL","LIFEEXP","MEN","YR","A","2007",77.1,
"BEL","LIFEEXP","MEN","YR","A","2008",76.9,
"BEL","LIFEEXP","MEN","YR","A","2009",77.4,
"BEL","LIFEEXP","MEN","YR","A","2010",77.5,
"BEL","LIFEEXP","MEN","YR","A","2011",78,"B"
"BEL","LIFEEXP","MEN","YR","A","2012",77.8,
"BEL","LIFEEXP","MEN","YR","A","2013",78.1,
"BEL","LIFEEXP","MEN","YR","A","2014",78.8,
"BEL","LIFEEXP","MEN","YR","A","2015",78.7,
"BEL","LIFEEXP","MEN","YR","A","2016",79,
"BEL","LIFEEXP","MEN","YR","A","2017",79.2,
"BEL","LIFEEXP","MEN","YR","A","2018",79.4,
"BEL","LIFEEXP","WOMEN","YR","A","1999",81,
"BEL","LIFEEXP","WOMEN","YR","A","2000",81,
"BEL","LIFEEXP","WOMEN","YR","A","2001",81.2,
"BEL","LIFEEXP","WOMEN","YR","A","2002",81.2,
"BEL","LIFEEXP","WOMEN","YR","A","2003",81.1,
"BEL","LIFEEXP","WOMEN","YR","A","2004",81.9,
"BEL","LIFEEXP","WOMEN","YR","A","2005",81.9,
"BEL","LIFEEXP","WOMEN","YR","A","2006",82.3,
"BEL","LIFEEXP","WOMEN","YR","A","2007",82.6,
"BEL","LIFEEXP","WOMEN","YR","A","2008",82.6,
"BEL","LIFEEXP","WOMEN","YR","A","2009",82.8,
"BEL","LIFEEXP","WOMEN","YR","A","2010",83,
"BEL","LIFEEXP","WOMEN","YR","A","2011",83.3,"B"
"BEL","LIFEEXP","WOMEN","YR","A","2012",83.1,
"BEL","LIFEEXP","WOMEN","YR","A","2013",83.2,
"BEL","LIFEEXP","WOMEN","YR","A","2014",83.9,
"BEL","LIFEEXP","WOMEN","YR","A","2015",83.4,
"BEL","LIFEEXP","WOMEN","YR","A","2016",84,
"BEL","LIFEEXP","WOMEN","YR","A","2017",83.9,
"BEL","LIFEEXP","WOMEN","YR","A","2018",83.9,
"CAN","LIFEEXP","MEN","YR","A","1999",76,
"CAN","LIFEEXP","MEN","YR","A","2000",76.3,
"CAN","LIFEEXP","MEN","YR","A","2001",76.6,
"CAN","LIFEEXP","MEN","YR","A","2002",76.9,
"CAN","LIFEEXP","MEN","YR","A","2003",77.1,
"CAN","LIFEEXP","MEN","YR","A","2004",77.4,
"CAN","LIFEEXP","MEN","YR","A","2005",77.6,
"CAN","LIFEEXP","MEN","YR","A","2006",77.9,
"CAN","LIFEEXP","MEN","YR","A","2007",78.1,
"CAN","LIFEEXP","MEN","YR","A","2008",78.3,
"CAN","LIFEEXP","MEN","YR","A","2009",78.5,
"CAN","LIFEEXP","MEN","YR","A","2010",78.8,
"CAN","LIFEEXP","MEN","YR","A","2011",79.1,
"CAN","LIFEEXP","MEN","YR","A","2012",79.4,
"CAN","LIFEEXP","MEN","YR","A","2013",79.6,
"CAN","LIFEEXP","MEN","YR","A","2014",79.7,
"CAN","LIFEEXP","MEN","YR","A","2015",79.8,
"CAN","LIFEEXP","MEN","YR","A","2016",79.9,
"CAN","LIFEEXP","MEN","YR","A","2017",79.9,
"CAN","LIFEEXP","MEN","YR","A","2018",79.9,
"CAN","LIFEEXP","WOMEN","YR","A","1999",81.4,
"CAN","LIFEEXP","WOMEN","YR","A","2000",81.6,
"CAN","LIFEEXP","WOMEN","YR","A","2001",81.8,
"CAN","LIFEEXP","WOMEN","YR","A","2002",81.9,
"CAN","LIFEEXP","WOMEN","YR","A","2003",82,
"CAN","LIFEEXP","WOMEN","YR","A","2004",82.2,
"CAN","LIFEEXP","WOMEN","YR","A","2005",82.3,
"CAN","LIFEEXP","WOMEN","YR","A","2006",82.6,
"CAN","LIFEEXP","WOMEN","YR","A","2007",82.7,
"CAN","LIFEEXP","WOMEN","YR","A","2008",82.9,
"CAN","LIFEEXP","WOMEN","YR","A","2009",83,
"CAN","LIFEEXP","WOMEN","YR","A","2010",83.3,
"CAN","LIFEEXP","WOMEN","YR","A","2011",83.5,
"CAN","LIFEEXP","WOMEN","YR","A","2012",83.6,
"CAN","LIFEEXP","WOMEN","YR","A","2013",83.8,
"CAN","LIFEEXP","WOMEN","YR","A","2014",83.9,
"CAN","LIFEEXP","WOMEN","YR","A","2015",83.9,
"CAN","LIFEEXP","WOMEN","YR","A","2016",84,
"CAN","LIFEEXP","WOMEN","YR","A","2017",84,
"CAN","LIFEEXP","WOMEN","YR","A","2018",84.1,
"CZE","LIFEEXP","MEN","YR","A","1999",71.5,
"CZE","LIFEEXP","MEN","YR","A","2000",71.6,
"CZE","LIFEEXP","MEN","YR","A","2001",72,
"CZE","LIFEEXP","MEN","YR","A","2002",72.1,
"CZE","LIFEEXP","MEN","YR","A","2003",72,
"CZE","LIFEEXP","MEN","YR","A","2004",72.5,
"CZE","LIFEEXP","MEN","YR","A","2005",72.9,
"CZE","LIFEEXP","MEN","YR","A","2006",73.5,
"CZE","LIFEEXP","MEN","YR","A","2007",73.8,
"CZE","LIFEEXP","MEN","YR","A","2008",74.1,
"CZE","LIFEEXP","MEN","YR","A","2009",74.3,
"CZE","LIFEEXP","MEN","YR","A","2010",74.5,
"CZE","LIFEEXP","MEN","YR","A","2011",74.8,
"CZE","LIFEEXP","MEN","YR","A","2012",75.1,
"CZE","LIFEEXP","MEN","YR","A","2013",75.2,
"CZE","LIFEEXP","MEN","YR","A","2014",75.8,
"CZE","LIFEEXP","MEN","YR","A","2015",75.7,
"CZE","LIFEEXP","MEN","YR","A","2016",76.1,
"CZE","LIFEEXP","MEN","YR","A","2017",76.1,
"CZE","LIFEEXP","MEN","YR","A","2018",76.2,
"CZE","LIFEEXP","WOMEN","YR","A","1999",78.3,
"CZE","LIFEEXP","WOMEN","YR","A","2000",78.5,
"CZE","LIFEEXP","WOMEN","YR","A","2001",78.5,
"CZE","LIFEEXP","WOMEN","YR","A","2002",78.7,
"CZE","LIFEEXP","WOMEN","YR","A","2003",78.6,
"CZE","LIFEEXP","WOMEN","YR","A","2004",79.1,
"CZE","LIFEEXP","WOMEN","YR","A","2005",79.2,
"CZE","LIFEEXP","WOMEN","YR","A","2006",79.9,
"CZE","LIFEEXP","WOMEN","YR","A","2007",80.2,
"CZE","LIFEEXP","WOMEN","YR","A","2008",80.5,
"CZE","LIFEEXP","WOMEN","YR","A","2009",80.5,
"CZE","LIFEEXP","WOMEN","YR","A","2010",80.9,
"CZE","LIFEEXP","WOMEN","YR","A","2011",81.1,
"CZE","LIFEEXP","WOMEN","YR","A","2012",81.2,
"CZE","LIFEEXP","WOMEN","YR","A","2013",81.3,
"CZE","LIFEEXP","WOMEN","YR","A","2014",82,
"CZE","LIFEEXP","WOMEN","YR","A","2015",81.6,
"CZE","LIFEEXP","WOMEN","YR","A","2016",82.1,
"CZE","LIFEEXP","WOMEN","YR","A","2017",82,
"CZE","LIFEEXP","WOMEN","YR","A","2018",82,
"DNK","LIFEEXP","MEN","YR","A","1999",74.2,
"DNK","LIFEEXP","MEN","YR","A","2000",74.5,
"DNK","LIFEEXP","MEN","YR","A","2001",74.7,
"DNK","LIFEEXP","MEN","YR","A","2002",74.8,
"DNK","LIFEEXP","MEN","YR","A","2003",75,
"DNK","LIFEEXP","MEN","YR","A","2004",75.4,
"DNK","LIFEEXP","MEN","YR","A","2005",76,
"DNK","LIFEEXP","MEN","YR","A","2006",76.1,
"DNK","LIFEEXP","MEN","YR","A","2007",76.2,
"DNK","LIFEEXP","MEN","YR","A","2008",76.5,
"DNK","LIFEEXP","MEN","YR","A","2009",76.9,
"DNK","LIFEEXP","MEN","YR","A","2010",77.2,
"DNK","LIFEEXP","MEN","YR","A","2011",77.8,
"DNK","LIFEEXP","MEN","YR","A","2012",78.1,
"DNK","LIFEEXP","MEN","YR","A","2013",78.3,
"DNK","LIFEEXP","MEN","YR","A","2014",78.7,
"DNK","LIFEEXP","MEN","YR","A","2015",78.8,
"DNK","LIFEEXP","MEN","YR","A","2016",79,
"DNK","LIFEEXP","MEN","YR","A","2017",79.2,
"DNK","LIFEEXP","MEN","YR","A","2018",79.1,
"DNK","LIFEEXP","WOMEN","YR","A","1999",79,
"DNK","LIFEEXP","WOMEN","YR","A","2000",79.2,
"DNK","LIFEEXP","WOMEN","YR","A","2001",79.3,
"DNK","LIFEEXP","WOMEN","YR","A","2002",79.4,
"DNK","LIFEEXP","WOMEN","YR","A","2003",79.8,
"DNK","LIFEEXP","WOMEN","YR","A","2004",80.2,
"DNK","LIFEEXP","WOMEN","YR","A","2005",80.5,
"DNK","LIFEEXP","WOMEN","YR","A","2006",80.7,
"DNK","LIFEEXP","WOMEN","YR","A","2007",80.6,
"DNK","LIFEEXP","WOMEN","YR","A","2008",81,
"DNK","LIFEEXP","WOMEN","YR","A","2009",81.1,
"DNK","LIFEEXP","WOMEN","YR","A","2010",81.4,
"DNK","LIFEEXP","WOMEN","YR","A","2011",81.9,
"DNK","LIFEEXP","WOMEN","YR","A","2012",82.1,
"DNK","LIFEEXP","WOMEN","YR","A","2013",82.4,
"DNK","LIFEEXP","WOMEN","YR","A","2014",82.8,
"DNK","LIFEEXP","WOMEN","YR","A","2015",82.7,
"DNK","LIFEEXP","WOMEN","YR","A","2016",82.8,
"DNK","LIFEEXP","WOMEN","YR","A","2017",83.1,
"DNK","LIFEEXP","WOMEN","YR","A","2018",82.9,
"FIN","LIFEEXP","MEN","YR","A","1999",73.8,
"FIN","LIFEEXP","MEN","YR","A","2000",74.2,
"FIN","LIFEEXP","MEN","YR","A","2001",74.6,
"FIN","LIFEEXP","MEN","YR","A","2002",74.9,
"FIN","LIFEEXP","MEN","YR","A","2003",75.1,
"FIN","LIFEEXP","MEN","YR","A","2004",75.4,
"FIN","LIFEEXP","MEN","YR","A","2005",75.6,
"FIN","LIFEEXP","MEN","YR","A","2006",75.9,
"FIN","LIFEEXP","MEN","YR","A","2007",76,
"FIN","LIFEEXP","MEN","YR","A","2008",76.5,
"FIN","LIFEEXP","MEN","YR","A","2009",76.6,
"FIN","LIFEEXP","MEN","YR","A","2010",76.9,
"FIN","LIFEEXP","MEN","YR","A","2011",77.3,
"FIN","LIFEEXP","MEN","YR","A","2012",77.7,
"FIN","LIFEEXP","MEN","YR","A","2013",78,
"FIN","LIFEEXP","MEN","YR","A","2014",78.4,
"FIN","LIFEEXP","MEN","YR","A","2015",78.7,
"FIN","LIFEEXP","MEN","YR","A","2016",78.6,
"FIN","LIFEEXP","MEN","YR","A","2017",78.9,
"FIN","LIFEEXP","MEN","YR","A","2018",79.1,
"FIN","LIFEEXP","WOMEN","YR","A","1999",81.2,
"FIN","LIFEEXP","WOMEN","YR","A","2000",81.2,
"FIN","LIFEEXP","WOMEN","YR","A","2001",81.7,
"FIN","LIFEEXP","WOMEN","YR","A","2002",81.6,
"FIN","LIFEEXP","WOMEN","YR","A","2003",81.9,
"FIN","LIFEEXP","WOMEN","YR","A","2004",82.5,
"FIN","LIFEEXP","WOMEN","YR","A","2005",82.5,
"FIN","LIFEEXP","WOMEN","YR","A","2006",83.1,
"FIN","LIFEEXP","WOMEN","YR","A","2007",83.1,
"FIN","LIFEEXP","WOMEN","YR","A","2008",83.3,
"FIN","LIFEEXP","WOMEN","YR","A","2009",83.5,
"FIN","LIFEEXP","WOMEN","YR","A","2010",83.5,
"FIN","LIFEEXP","WOMEN","YR","A","2011",83.8,
"FIN","LIFEEXP","WOMEN","YR","A","2012",83.7,
"FIN","LIFEEXP","WOMEN","YR","A","2013",84.1,
"FIN","LIFEEXP","WOMEN","YR","A","2014",84.1,
"FIN","LIFEEXP","WOMEN","YR","A","2015",84.4,
"FIN","LIFEEXP","WOMEN","YR","A","2016",84.4,
"FIN","LIFEEXP","WOMEN","YR","A","2017",84.5,
"FIN","LIFEEXP","WOMEN","YR","A","2018",84.5,
"FRA","LIFEEXP","MEN","YR","A","1999",75.1,
"FRA","LIFEEXP","MEN","YR","A","2000",75.4,
"FRA","LIFEEXP","MEN","YR","A","2001",75.5,
"FRA","LIFEEXP","MEN","YR","A","2002",75.8,
"FRA","LIFEEXP","MEN","YR","A","2003",75.8,
"FRA","LIFEEXP","MEN","YR","A","2004",76.7,
"FRA","LIFEEXP","MEN","YR","A","2005",76.8,
"FRA","LIFEEXP","MEN","YR","A","2006",77.4,
"FRA","LIFEEXP","MEN","YR","A","2007",77.6,
"FRA","LIFEEXP","MEN","YR","A","2008",77.9,
"FRA","LIFEEXP","MEN","YR","A","2009",78,
"FRA","LIFEEXP","MEN","YR","A","2010",78.3,
"FRA","LIFEEXP","MEN","YR","A","2011",78.8,
"FRA","LIFEEXP","MEN","YR","A","2012",78.7,
"FRA","LIFEEXP","MEN","YR","A","2013",79,
"FRA","LIFEEXP","MEN","YR","A","2014",79.5,
"FRA","LIFEEXP","MEN","YR","A","2015",79.2,
"FRA","LIFEEXP","MEN","YR","A","2016",79.5,
"FRA","LIFEEXP","MEN","YR","A","2017",79.6,
"FRA","LIFEEXP","MEN","YR","A","2018",79.7,
"FRA","LIFEEXP","WOMEN","YR","A","1999",82.7,
"FRA","LIFEEXP","WOMEN","YR","A","2000",83,
"FRA","LIFEEXP","WOMEN","YR","A","2001",83,
"FRA","LIFEEXP","WOMEN","YR","A","2002",83,
"FRA","LIFEEXP","WOMEN","YR","A","2003",82.8,
"FRA","LIFEEXP","WOMEN","YR","A","2004",83.9,
"FRA","LIFEEXP","WOMEN","YR","A","2005",83.9,
"FRA","LIFEEXP","WOMEN","YR","A","2006",84.5,
"FRA","LIFEEXP","WOMEN","YR","A","2007",84.8,
"FRA","LIFEEXP","WOMEN","YR","A","2008",84.8,
"FRA","LIFEEXP","WOMEN","YR","A","2009",85,
"FRA","LIFEEXP","WOMEN","YR","A","2010",85.3,
"FRA","LIFEEXP","WOMEN","YR","A","2011",85.7,
"FRA","LIFEEXP","WOMEN","YR","A","2012",85.4,
"FRA","LIFEEXP","WOMEN","YR","A","2013",85.6,
"FRA","LIFEEXP","WOMEN","YR","A","2014",86.1,
"FRA","LIFEEXP","WOMEN","YR","A","2015",85.6,
"FRA","LIFEEXP","WOMEN","YR","A","2016",85.8,
"FRA","LIFEEXP","WOMEN","YR","A","2017",85.7,
"FRA","LIFEEXP","WOMEN","YR","A","2018",85.9,
"DEU","LIFEEXP","MEN","YR","A","1999",74.8,
"DEU","LIFEEXP","MEN","YR","A","2000",75.1,
"DEU","LIFEEXP","MEN","YR","A","2001",75.6,
"DEU","LIFEEXP","MEN","YR","A","2002",75.7,
"DEU","LIFEEXP","MEN","YR","A","2003",75.8,
"DEU","LIFEEXP","MEN","YR","A","2004",76.5,
"DEU","LIFEEXP","MEN","YR","A","2005",76.7,
"DEU","LIFEEXP","MEN","YR","A","2006",77.2,
"DEU","LIFEEXP","MEN","YR","A","2007",77.4,
"DEU","LIFEEXP","MEN","YR","A","2008",77.6,
"DEU","LIFEEXP","MEN","YR","A","2009",77.8,
"DEU","LIFEEXP","MEN","YR","A","2010",78,
"DEU","LIFEEXP","MEN","YR","A","2011",77.9,
"DEU","LIFEEXP","MEN","YR","A","2012",78.1,
"DEU","LIFEEXP","MEN","YR","A","2013",78.1,
"DEU","LIFEEXP","MEN","YR","A","2014",78.7,
"DEU","LIFEEXP","MEN","YR","A","2015",78.3,
"DEU","LIFEEXP","MEN","YR","A","2016",78.6,
"DEU","LIFEEXP","MEN","YR","A","2017",78.7,
"DEU","LIFEEXP","MEN","YR","A","2018",78.6,
"DEU","LIFEEXP","WOMEN","YR","A","1999",81,
"DEU","LIFEEXP","WOMEN","YR","A","2000",81.2,
"DEU","LIFEEXP","WOMEN","YR","A","2001",81.4,
"DEU","LIFEEXP","WOMEN","YR","A","2002",81.3,
"DEU","LIFEEXP","WOMEN","YR","A","2003",81.3,
"DEU","LIFEEXP","WOMEN","YR","A","2004",81.9,
"DEU","LIFEEXP","WOMEN","YR","A","2005",82,
"DEU","LIFEEXP","WOMEN","YR","A","2006",82.4,
"DEU","LIFEEXP","WOMEN","YR","A","2007",82.7,
"DEU","LIFEEXP","WOMEN","YR","A","2008",82.7,
"DEU","LIFEEXP","WOMEN","YR","A","2009",82.8,
"DEU","LIFEEXP","WOMEN","YR","A","2010",83,
"DEU","LIFEEXP","WOMEN","YR","A","2011",83.1,
"DEU","LIFEEXP","WOMEN","YR","A","2012",83.1,
"DEU","LIFEEXP","WOMEN","YR","A","2013",83,
"DEU","LIFEEXP","WOMEN","YR","A","2014",83.6,
"DEU","LIFEEXP","WOMEN","YR","A","2015",83.1,
"DEU","LIFEEXP","WOMEN","YR","A","2016",83.5,
"DEU","LIFEEXP","WOMEN","YR","A","2017",83.4,
"DEU","LIFEEXP","WOMEN","YR","A","2018",83.3,
"GRC","LIFEEXP","MEN","YR","A","1999",75.9,
"GRC","LIFEEXP","MEN","YR","A","2000",75.9,
"GRC","LIFEEXP","MEN","YR","A","2001",76.3,
"GRC","LIFEEXP","MEN","YR","A","2002",76.4,
"GRC","LIFEEXP","MEN","YR","A","2003",76.6,
"GRC","LIFEEXP","MEN","YR","A","2004",76.6,
"GRC","LIFEEXP","MEN","YR","A","2005",76.8,
"GRC","LIFEEXP","MEN","YR","A","2006",77.1,
"GRC","LIFEEXP","MEN","YR","A","2007",76.9,
"GRC","LIFEEXP","MEN","YR","A","2008",77.5,
"GRC","LIFEEXP","MEN","YR","A","2009",77.5,
"GRC","LIFEEXP","MEN","YR","A","2010",78,
"GRC","LIFEEXP","MEN","YR","A","2011",78,
"GRC","LIFEEXP","MEN","YR","A","2012",78,
"GRC","LIFEEXP","MEN","YR","A","2013",78.7,
"GRC","LIFEEXP","MEN","YR","A","2014",78.8,
"GRC","LIFEEXP","MEN","YR","A","2015",78.5,
"GRC","LIFEEXP","MEN","YR","A","2016",78.9,
"GRC","LIFEEXP","MEN","YR","A","2017",78.8,
"GRC","LIFEEXP","MEN","YR","A","2018",79.3,
"GRC","LIFEEXP","WOMEN","YR","A","1999",81.1,
"GRC","LIFEEXP","WOMEN","YR","A","2000",81.3,
"GRC","LIFEEXP","WOMEN","YR","A","2001",81.9,
"GRC","LIFEEXP","WOMEN","YR","A","2002",82,
"GRC","LIFEEXP","WOMEN","YR","A","2003",82,
"GRC","LIFEEXP","WOMEN","YR","A","2004",82.2,
"GRC","LIFEEXP","WOMEN","YR","A","2005",82.5,
"GRC","LIFEEXP","WOMEN","YR","A","2006",82.7,
"GRC","LIFEEXP","WOMEN","YR","A","2007",82.5,
"GRC","LIFEEXP","WOMEN","YR","A","2008",83,
"GRC","LIFEEXP","WOMEN","YR","A","2009",83.3,
"GRC","LIFEEXP","WOMEN","YR","A","2010",83.3,
"GRC","LIFEEXP","WOMEN","YR","A","2011",83.6,
"GRC","LIFEEXP","WOMEN","YR","A","2012",83.4,
"GRC","LIFEEXP","WOMEN","YR","A","2013",84,
"GRC","LIFEEXP","WOMEN","YR","A","2014",84.1,
"GRC","LIFEEXP","WOMEN","YR","A","2015",83.7,
"GRC","LIFEEXP","WOMEN","YR","A","2016",84,
"GRC","LIFEEXP","WOMEN","YR","A","2017",83.9,
"GRC","LIFEEXP","WOMEN","YR","A","2018",84.4,
"HUN","LIFEEXP","MEN","YR","A","1999",66.7,
"HUN","LIFEEXP","MEN","YR","A","2000",67.5,
"HUN","LIFEEXP","MEN","YR","A","2001",68.2,
"HUN","LIFEEXP","MEN","YR","A","2002",68.3,
"HUN","LIFEEXP","MEN","YR","A","2003",68.4,
"HUN","LIFEEXP","MEN","YR","A","2004",68.7,
"HUN","LIFEEXP","MEN","YR","A","2005",68.7,
"HUN","LIFEEXP","MEN","YR","A","2006",69.2,
"HUN","LIFEEXP","MEN","YR","A","2007",69.4,
"HUN","LIFEEXP","MEN","YR","A","2008",70,
"HUN","LIFEEXP","MEN","YR","A","2009",70.3,
"HUN","LIFEEXP","MEN","YR","A","2010",70.7,
"HUN","LIFEEXP","MEN","YR","A","2011",71.2,
"HUN","LIFEEXP","MEN","YR","A","2012",71.6,"B"
"HUN","LIFEEXP","MEN","YR","A","2013",72.2,
"HUN","LIFEEXP","MEN","YR","A","2014",72.3,
"HUN","LIFEEXP","MEN","YR","A","2015",72.3,
"HUN","LIFEEXP","MEN","YR","A","2016",72.6,
"HUN","LIFEEXP","MEN","YR","A","2017",72.5,
"HUN","LIFEEXP","MEN","YR","A","2018",72.7,
"HUN","LIFEEXP","WOMEN","YR","A","1999",75.6,
"HUN","LIFEEXP","WOMEN","YR","A","2000",76.2,
"HUN","LIFEEXP","WOMEN","YR","A","2001",76.7,
"HUN","LIFEEXP","WOMEN","YR","A","2002",76.7,
"HUN","LIFEEXP","WOMEN","YR","A","2003",76.7,
"HUN","LIFEEXP","WOMEN","YR","A","2004",77.2,
"HUN","LIFEEXP","WOMEN","YR","A","2005",77.2,
"HUN","LIFEEXP","WOMEN","YR","A","2006",77.8,
"HUN","LIFEEXP","WOMEN","YR","A","2007",77.8,
"HUN","LIFEEXP","WOMEN","YR","A","2008",78.3,
"HUN","LIFEEXP","WOMEN","YR","A","2009",78.4,
"HUN","LIFEEXP","WOMEN","YR","A","2010",78.6,
"HUN","LIFEEXP","WOMEN","YR","A","2011",78.7,
"HUN","LIFEEXP","WOMEN","YR","A","2012",78.7,"B"
"HUN","LIFEEXP","WOMEN","YR","A","2013",79.1,
"HUN","LIFEEXP","WOMEN","YR","A","2014",79.4,
"HUN","LIFEEXP","WOMEN","YR","A","2015",79,
"HUN","LIFEEXP","WOMEN","YR","A","2016",79.7,
"HUN","LIFEEXP","WOMEN","YR","A","2017",79.3,
"HUN","LIFEEXP","WOMEN","YR","A","2018",79.6,
"ISL","LIFEEXP","MEN","YR","A","1999",77.4,
"ISL","LIFEEXP","MEN","YR","A","2000",77.8,
"ISL","LIFEEXP","MEN","YR","A","2001",78.3,
"ISL","LIFEEXP","MEN","YR","A","2002",78.6,
"ISL","LIFEEXP","MEN","YR","A","2003",79.5,
"ISL","LIFEEXP","MEN","YR","A","2004",78.9,
"ISL","LIFEEXP","MEN","YR","A","2005",79.6,
"ISL","LIFEEXP","MEN","YR","A","2006",79.5,
"ISL","LIFEEXP","MEN","YR","A","2007",79.6,
"ISL","LIFEEXP","MEN","YR","A","2008",80,
"ISL","LIFEEXP","MEN","YR","A","2009",79.8,
"ISL","LIFEEXP","MEN","YR","A","2010",79.8,
"ISL","LIFEEXP","MEN","YR","A","2011",80.7,
"ISL","LIFEEXP","MEN","YR","A","2012",81.6,
"ISL","LIFEEXP","MEN","YR","A","2013",80.5,
"ISL","LIFEEXP","MEN","YR","A","2014",81.3,
"ISL","LIFEEXP","MEN","YR","A","2015",81.2,
"ISL","LIFEEXP","MEN","YR","A","2016",80.4,
"ISL","LIFEEXP","MEN","YR","A","2017",81.1,
"ISL","LIFEEXP","MEN","YR","A","2018",81.3,
"ISL","LIFEEXP","WOMEN","YR","A","1999",81.4,
"ISL","LIFEEXP","WOMEN","YR","A","2000",81.6,
"ISL","LIFEEXP","WOMEN","YR","A","2001",83.2,
"ISL","LIFEEXP","WOMEN","YR","A","2002",82.5,
"ISL","LIFEEXP","WOMEN","YR","A","2003",82.5,
"ISL","LIFEEXP","WOMEN","YR","A","2004",83.2,
"ISL","LIFEEXP","WOMEN","YR","A","2005",83.5,
"ISL","LIFEEXP","WOMEN","YR","A","2006",82.9,
"ISL","LIFEEXP","WOMEN","YR","A","2007",83.4,
"ISL","LIFEEXP","WOMEN","YR","A","2008",83.3,
"ISL","LIFEEXP","WOMEN","YR","A","2009",83.8,
"ISL","LIFEEXP","WOMEN","YR","A","2010",84.1,
"ISL","LIFEEXP","WOMEN","YR","A","2011",84.1,
"ISL","LIFEEXP","WOMEN","YR","A","2012",84.3,
"ISL","LIFEEXP","WOMEN","YR","A","2013",83.7,
"ISL","LIFEEXP","WOMEN","YR","A","2014",84.5,
"ISL","LIFEEXP","WOMEN","YR","A","2015",83.8,
"ISL","LIFEEXP","WOMEN","YR","A","2016",84.1,
"ISL","LIFEEXP","WOMEN","YR","A","2017",84.3,
"ISL","LIFEEXP","WOMEN","YR","A","2018",84.5,
"IRL","LIFEEXP","MEN","YR","A","1999",73.4,
"IRL","LIFEEXP","MEN","YR","A","2000",74,
"IRL","LIFEEXP","MEN","YR","A","2001",74.5,
"IRL","LIFEEXP","MEN","YR","A","2002",75,
"IRL","LIFEEXP","MEN","YR","A","2003",75.7,
"IRL","LIFEEXP","MEN","YR","A","2004",76.1,
"IRL","LIFEEXP","MEN","YR","A","2005",76.7,
"IRL","LIFEEXP","MEN","YR","A","2006",76.9,
"IRL","LIFEEXP","MEN","YR","A","2007",77.3,
"IRL","LIFEEXP","MEN","YR","A","2008",77.9,
"IRL","LIFEEXP","MEN","YR","A","2009",77.8,
"IRL","LIFEEXP","MEN","YR","A","2010",78.5,
"IRL","LIFEEXP","MEN","YR","A","2011",78.6,
"IRL","LIFEEXP","MEN","YR","A","2012",78.7,
"IRL","LIFEEXP","MEN","YR","A","2013",78.9,
"IRL","LIFEEXP","MEN","YR","A","2014",79.3,
"IRL","LIFEEXP","MEN","YR","A","2015",79.6,
"IRL","LIFEEXP","MEN","YR","A","2016",79.8,
"IRL","LIFEEXP","MEN","YR","A","2017",80.4,
"IRL","LIFEEXP","MEN","YR","A","2018",80.5,
"IRL","LIFEEXP","WOMEN","YR","A","1999",78.9,
"IRL","LIFEEXP","WOMEN","YR","A","2000",79.2,
"IRL","LIFEEXP","WOMEN","YR","A","2001",79.9,
"IRL","LIFEEXP","WOMEN","YR","A","2002",80.4,
"IRL","LIFEEXP","WOMEN","YR","A","2003",80.7,
"IRL","LIFEEXP","WOMEN","YR","A","2004",81.1,
"IRL","LIFEEXP","WOMEN","YR","A","2005",81.3,
"IRL","LIFEEXP","WOMEN","YR","A","2006",81.7,
"IRL","LIFEEXP","WOMEN","YR","A","2007",82.1,
"IRL","LIFEEXP","WOMEN","YR","A","2008",82.4,
"IRL","LIFEEXP","WOMEN","YR","A","2009",82.7,
"IRL","LIFEEXP","WOMEN","YR","A","2010",83.1,
"IRL","LIFEEXP","WOMEN","YR","A","2011",83,
"IRL","LIFEEXP","WOMEN","YR","A","2012",83.1,
"IRL","LIFEEXP","WOMEN","YR","A","2013",83.1,
"IRL","LIFEEXP","WOMEN","YR","A","2014",83.5,
"IRL","LIFEEXP","WOMEN","YR","A","2015",83.4,
"IRL","LIFEEXP","WOMEN","YR","A","2016",83.6,
"IRL","LIFEEXP","WOMEN","YR","A","2017",84,
"IRL","LIFEEXP","WOMEN","YR","A","2018",84.1,
"ITA","LIFEEXP","MEN","YR","A","1999",76.4,
"ITA","LIFEEXP","MEN","YR","A","2000",76.9,
"ITA","LIFEEXP","MEN","YR","A","2001",77.2,
"ITA","LIFEEXP","MEN","YR","A","2002",77.4,
"ITA","LIFEEXP","MEN","YR","A","2003",77.3,
"ITA","LIFEEXP","MEN","YR","A","2004",78,
"ITA","LIFEEXP","MEN","YR","A","2005",78.1,
"ITA","LIFEEXP","MEN","YR","A","2006",78.6,
"ITA","LIFEEXP","MEN","YR","A","2007",78.8,
"ITA","LIFEEXP","MEN","YR","A","2008",78.9,
"ITA","LIFEEXP","MEN","YR","A","2009",79.1,
"ITA","LIFEEXP","MEN","YR","A","2010",79.5,
"ITA","LIFEEXP","MEN","YR","A","2011",79.7,
"ITA","LIFEEXP","MEN","YR","A","2012",79.8,
"ITA","LIFEEXP","MEN","YR","A","2013",80.3,
"ITA","LIFEEXP","MEN","YR","A","2014",80.7,
"ITA","LIFEEXP","MEN","YR","A","2015",80.3,
"ITA","LIFEEXP","MEN","YR","A","2016",81,
"ITA","LIFEEXP","MEN","YR","A","2017",80.8,
"ITA","LIFEEXP","MEN","YR","A","2018",81.2,
"ITA","LIFEEXP","WOMEN","YR","A","1999",82.6,
"ITA","LIFEEXP","WOMEN","YR","A","2000",82.8,
"ITA","LIFEEXP","WOMEN","YR","A","2001",83.2,
"ITA","LIFEEXP","WOMEN","YR","A","2002",83.2,
"ITA","LIFEEXP","WOMEN","YR","A","2003",82.8,
"ITA","LIFEEXP","WOMEN","YR","A","2004",83.7,
"ITA","LIFEEXP","WOMEN","YR","A","2005",83.6,
"ITA","LIFEEXP","WOMEN","YR","A","2006",84.1,
"ITA","LIFEEXP","WOMEN","YR","A","2007",84.2,
"ITA","LIFEEXP","WOMEN","YR","A","2008",84.2,
"ITA","LIFEEXP","WOMEN","YR","A","2009",84.3,
"ITA","LIFEEXP","WOMEN","YR","A","2010",84.7,
"ITA","LIFEEXP","WOMEN","YR","A","2011",84.8,
"ITA","LIFEEXP","WOMEN","YR","A","2012",84.8,
"ITA","LIFEEXP","WOMEN","YR","A","2013",85.2,
"ITA","LIFEEXP","WOMEN","YR","A","2014",85.6,
"ITA","LIFEEXP","WOMEN","YR","A","2015",84.9,
"ITA","LIFEEXP","WOMEN","YR","A","2016",85.6,
"ITA","LIFEEXP","WOMEN","YR","A","2017",85.2,
"ITA","LIFEEXP","WOMEN","YR","A","2018",85.6,
"JPN","LIFEEXP","MEN","YR","A","1999",77.1,
"JPN","LIFEEXP","MEN","YR","A","2000",77.7,
"JPN","LIFEEXP","MEN","YR","A","2001",78.1,
"JPN","LIFEEXP","MEN","YR","A","2002",78.3,
"JPN","LIFEEXP","MEN","YR","A","2003",78.4,
"JPN","LIFEEXP","MEN","YR","A","2004",78.6,
"JPN","LIFEEXP","MEN","YR","A","2005",78.6,
"JPN","LIFEEXP","MEN","YR","A","2006",79,
"JPN","LIFEEXP","MEN","YR","A","2007",79.2,
"JPN","LIFEEXP","MEN","YR","A","2008",79.3,
"JPN","LIFEEXP","MEN","YR","A","2009",79.6,
"JPN","LIFEEXP","MEN","YR","A","2010",79.6,
"JPN","LIFEEXP","MEN","YR","A","2011",79.4,
"JPN","LIFEEXP","MEN","YR","A","2012",79.9,
"JPN","LIFEEXP","MEN","YR","A","2013",80.2,
"JPN","LIFEEXP","MEN","YR","A","2014",80.5,
"JPN","LIFEEXP","MEN","YR","A","2015",80.8,
"JPN","LIFEEXP","MEN","YR","A","2016",81,
"JPN","LIFEEXP","MEN","YR","A","2017",81.1,
"JPN","LIFEEXP","WOMEN","YR","A","1999",84,
"JPN","LIFEEXP","WOMEN","YR","A","2000",84.6,
"JPN","LIFEEXP","WOMEN","YR","A","2001",84.9,
"JPN","LIFEEXP","WOMEN","YR","A","2002",85.2,
"JPN","LIFEEXP","WOMEN","YR","A","2003",85.3,
"JPN","LIFEEXP","WOMEN","YR","A","2004",85.6,
"JPN","LIFEEXP","WOMEN","YR","A","2005",85.5,
"JPN","LIFEEXP","WOMEN","YR","A","2006",85.8,
"JPN","LIFEEXP","WOMEN","YR","A","2007",86,
"JPN","LIFEEXP","WOMEN","YR","A","2008",86.1,
"JPN","LIFEEXP","WOMEN","YR","A","2009",86.4,
"JPN","LIFEEXP","WOMEN","YR","A","2010",86.3,
"JPN","LIFEEXP","WOMEN","YR","A","2011",85.9,
"JPN","LIFEEXP","WOMEN","YR","A","2012",86.4,
"JPN","LIFEEXP","WOMEN","YR","A","2013",86.6,
"JPN","LIFEEXP","WOMEN","YR","A","2014",86.8,
"JPN","LIFEEXP","WOMEN","YR","A","2015",87,
"JPN","LIFEEXP","WOMEN","YR","A","2016",87.1,
"JPN","LIFEEXP","WOMEN","YR","A","2017",87.3,
"KOR","LIFEEXP","MEN","YR","A","1999",71.8,
"KOR","LIFEEXP","MEN","YR","A","2000",72.3,
"KOR","LIFEEXP","MEN","YR","A","2001",72.9,
"KOR","LIFEEXP","MEN","YR","A","2002",73.4,
"KOR","LIFEEXP","MEN","YR","A","2003",73.8,
"KOR","LIFEEXP","MEN","YR","A","2004",74.3,
"KOR","LIFEEXP","MEN","YR","A","2005",74.9,
"KOR","LIFEEXP","MEN","YR","A","2006",75.4,
"KOR","LIFEEXP","MEN","YR","A","2007",75.9,
"KOR","LIFEEXP","MEN","YR","A","2008",76.2,
"KOR","LIFEEXP","MEN","YR","A","2009",76.7,
"KOR","LIFEEXP","MEN","YR","A","2010",76.8,
"KOR","LIFEEXP","MEN","YR","A","2011",77.3,
"KOR","LIFEEXP","MEN","YR","A","2012",77.6,
"KOR","LIFEEXP","MEN","YR","A","2013",78.1,
"KOR","LIFEEXP","MEN","YR","A","2014",78.6,
"KOR","LIFEEXP","MEN","YR","A","2015",79,
"KOR","LIFEEXP","MEN","YR","A","2016",79.3,
"KOR","LIFEEXP","MEN","YR","A","2017",79.7,
"KOR","LIFEEXP","MEN","YR","A","2018",79.7,
"KOR","LIFEEXP","WOMEN","YR","A","1999",79.2,
"KOR","LIFEEXP","WOMEN","YR","A","2000",79.7,
"KOR","LIFEEXP","WOMEN","YR","A","2001",80.1,
"KOR","LIFEEXP","WOMEN","YR","A","2002",80.3,
"KOR","LIFEEXP","WOMEN","YR","A","2003",80.8,
"KOR","LIFEEXP","WOMEN","YR","A","2004",81.2,
"KOR","LIFEEXP","WOMEN","YR","A","2005",81.6,
"KOR","LIFEEXP","WOMEN","YR","A","2006",82.1,
"KOR","LIFEEXP","WOMEN","YR","A","2007",82.5,
"KOR","LIFEEXP","WOMEN","YR","A","2008",83,
"KOR","LIFEEXP","WOMEN","YR","A","2009",83.4,
"KOR","LIFEEXP","WOMEN","YR","A","2010",83.6,
"KOR","LIFEEXP","WOMEN","YR","A","2011",84,
"KOR","LIFEEXP","WOMEN","YR","A","2012",84.2,
"KOR","LIFEEXP","WOMEN","YR","A","2013",84.6,
"KOR","LIFEEXP","WOMEN","YR","A","2014",85,
"KOR","LIFEEXP","WOMEN","YR","A","2015",85.2,
"KOR","LIFEEXP","WOMEN","YR","A","2016",85.4,
"KOR","LIFEEXP","WOMEN","YR","A","2017",85.7,
"KOR","LIFEEXP","WOMEN","YR","A","2018",85.7,
"LUX","LIFEEXP","MEN","YR","A","1999",74.4,
"LUX","LIFEEXP","MEN","YR","A","2000",74.6,
"LUX","LIFEEXP","MEN","YR","A","2001",75.1,
"LUX","LIFEEXP","MEN","YR","A","2002",74.6,
"LUX","LIFEEXP","MEN","YR","A","2003",74.8,
"LUX","LIFEEXP","MEN","YR","A","2004",76,
"LUX","LIFEEXP","MEN","YR","A","2005",76.7,
"LUX","LIFEEXP","MEN","YR","A","2006",76.8,
"LUX","LIFEEXP","MEN","YR","A","2007",76.7,
"LUX","LIFEEXP","MEN","YR","A","2008",78.1,
"LUX","LIFEEXP","MEN","YR","A","2009",78.1,
"LUX","LIFEEXP","MEN","YR","A","2010",77.9,
"LUX","LIFEEXP","MEN","YR","A","2011",78.5,
"LUX","LIFEEXP","MEN","YR","A","2012",79.1,"B"
"LUX","LIFEEXP","MEN","YR","A","2013",79.8,
"LUX","LIFEEXP","MEN","YR","A","2014",79.4,
"LUX","LIFEEXP","MEN","YR","A","2015",80,
"LUX","LIFEEXP","MEN","YR","A","2016",80.1,
"LUX","LIFEEXP","MEN","YR","A","2017",79.9,
"LUX","LIFEEXP","MEN","YR","A","2018",80.1,
"LUX","LIFEEXP","WOMEN","YR","A","1999",81.4,
"LUX","LIFEEXP","WOMEN","YR","A","2000",81.3,
"LUX","LIFEEXP","WOMEN","YR","A","2001",80.7,
"LUX","LIFEEXP","WOMEN","YR","A","2002",81.5,
"LUX","LIFEEXP","WOMEN","YR","A","2003",80.8,
"LUX","LIFEEXP","WOMEN","YR","A","2004",82.4,
"LUX","LIFEEXP","WOMEN","YR","A","2005",82.3,
"LUX","LIFEEXP","WOMEN","YR","A","2006",81.9,
"LUX","LIFEEXP","WOMEN","YR","A","2007",82.2,
"LUX","LIFEEXP","WOMEN","YR","A","2008",83.1,
"LUX","LIFEEXP","WOMEN","YR","A","2009",83.3,
"LUX","LIFEEXP","WOMEN","YR","A","2010",83.5,
"LUX","LIFEEXP","WOMEN","YR","A","2011",83.6,
"LUX","LIFEEXP","WOMEN","YR","A","2012",83.8,"B"
"LUX","LIFEEXP","WOMEN","YR","A","2013",83.9,
"LUX","LIFEEXP","WOMEN","YR","A","2014",85.2,
"LUX","LIFEEXP","WOMEN","YR","A","2015",84.7,
"LUX","LIFEEXP","WOMEN","YR","A","2016",85.4,
"LUX","LIFEEXP","WOMEN","YR","A","2017",84.4,
"LUX","LIFEEXP","WOMEN","YR","A","2018",84.6,
"MEX","LIFEEXP","MEN","YR","A","1999",70.3,
"MEX","LIFEEXP","MEN","YR","A","2000",70.5,
"MEX","LIFEEXP","MEN","YR","A","2001",70.7,
"MEX","LIFEEXP","MEN","YR","A","2002",70.8,
"MEX","LIFEEXP","MEN","YR","A","2003",71,
"MEX","LIFEEXP","MEN","YR","A","2004",71.2,
"MEX","LIFEEXP","MEN","YR","A","2005",71.3,
"MEX","LIFEEXP","MEN","YR","A","2006",71.4,
"MEX","LIFEEXP","MEN","YR","A","2007",71.5,
"MEX","LIFEEXP","MEN","YR","A","2008",71.3,
"MEX","LIFEEXP","MEN","YR","A","2009",71.1,
"MEX","LIFEEXP","MEN","YR","A","2010",71.1,
"MEX","LIFEEXP","MEN","YR","A","2011",71.2,
"MEX","LIFEEXP","MEN","YR","A","2012",71.4,
"MEX","LIFEEXP","MEN","YR","A","2013",71.7,
"MEX","LIFEEXP","MEN","YR","A","2014",72.1,
"MEX","LIFEEXP","MEN","YR","A","2015",72.3,
"MEX","LIFEEXP","MEN","YR","A","2016",72.6,
"MEX","LIFEEXP","MEN","YR","A","2017",72.9,
"MEX","LIFEEXP","MEN","YR","A","2018",72.2,"P"
"MEX","LIFEEXP","WOMEN","YR","A","1999",76,
"MEX","LIFEEXP","WOMEN","YR","A","2000",76.1,
"MEX","LIFEEXP","WOMEN","YR","A","2001",76.3,
"MEX","LIFEEXP","WOMEN","YR","A","2002",76.4,
"MEX","LIFEEXP","WOMEN","YR","A","2003",76.5,
"MEX","LIFEEXP","WOMEN","YR","A","2004",76.6,
"MEX","LIFEEXP","WOMEN","YR","A","2005",76.7,
"MEX","LIFEEXP","WOMEN","YR","A","2006",76.8,
"MEX","LIFEEXP","WOMEN","YR","A","2007",76.9,
"MEX","LIFEEXP","WOMEN","YR","A","2008",76.9,
"MEX","LIFEEXP","WOMEN","YR","A","2009",76.9,
"MEX","LIFEEXP","WOMEN","YR","A","2010",77,
"MEX","LIFEEXP","WOMEN","YR","A","2011",77.2,
"MEX","LIFEEXP","WOMEN","YR","A","2012",77.3,
"MEX","LIFEEXP","WOMEN","YR","A","2013",77.4,
"MEX","LIFEEXP","WOMEN","YR","A","2014",77.5,
"MEX","LIFEEXP","WOMEN","YR","A","2015",77.7,
"MEX","LIFEEXP","WOMEN","YR","A","2016",77.8,
"MEX","LIFEEXP","WOMEN","YR","A","2017",77.9,
"MEX","LIFEEXP","WOMEN","YR","A","2018",77.9,"P"
"NLD","LIFEEXP","MEN","YR","A","1999",75.3,
"NLD","LIFEEXP","MEN","YR","A","2000",75.6,
"NLD","LIFEEXP","MEN","YR","A","2001",75.8,
"NLD","LIFEEXP","MEN","YR","A","2002",76,
"NLD","LIFEEXP","MEN","YR","A","2003",76.3,
"NLD","LIFEEXP","MEN","YR","A","2004",76.9,
"NLD","LIFEEXP","MEN","YR","A","2005",77.2,
"NLD","LIFEEXP","MEN","YR","A","2006",77.7,
"NLD","LIFEEXP","MEN","YR","A","2007",78.1,
"NLD","LIFEEXP","MEN","YR","A","2008",78.4,
"NLD","LIFEEXP","MEN","YR","A","2009",78.7,
"NLD","LIFEEXP","MEN","YR","A","2010",78.9,
"NLD","LIFEEXP","MEN","YR","A","2011",79.4,
"NLD","LIFEEXP","MEN","YR","A","2012",79.3,
"NLD","LIFEEXP","MEN","YR","A","2013",79.5,
"NLD","LIFEEXP","MEN","YR","A","2014",80,
"NLD","LIFEEXP","MEN","YR","A","2015",79.9,
"NLD","LIFEEXP","MEN","YR","A","2016",80,
"NLD","LIFEEXP","MEN","YR","A","2017",80.2,
"NLD","LIFEEXP","MEN","YR","A","2018",80.3,
"NLD","LIFEEXP","WOMEN","YR","A","1999",80.5,
"NLD","LIFEEXP","WOMEN","YR","A","2000",80.7,
"NLD","LIFEEXP","WOMEN","YR","A","2001",80.8,
"NLD","LIFEEXP","WOMEN","YR","A","2002",80.7,
"NLD","LIFEEXP","WOMEN","YR","A","2003",81,
"NLD","LIFEEXP","WOMEN","YR","A","2004",81.5,
"NLD","LIFEEXP","WOMEN","YR","A","2005",81.7,
"NLD","LIFEEXP","WOMEN","YR","A","2006",82,
"NLD","LIFEEXP","WOMEN","YR","A","2007",82.5,
"NLD","LIFEEXP","WOMEN","YR","A","2008",82.5,
"NLD","LIFEEXP","WOMEN","YR","A","2009",82.9,
"NLD","LIFEEXP","WOMEN","YR","A","2010",83,
"NLD","LIFEEXP","WOMEN","YR","A","2011",83.1,
"NLD","LIFEEXP","WOMEN","YR","A","2012",83,
"NLD","LIFEEXP","WOMEN","YR","A","2013",83.2,
"NLD","LIFEEXP","WOMEN","YR","A","2014",83.5,
"NLD","LIFEEXP","WOMEN","YR","A","2015",83.2,
"NLD","LIFEEXP","WOMEN","YR","A","2016",83.2,
"NLD","LIFEEXP","WOMEN","YR","A","2017",83.4,
"NLD","LIFEEXP","WOMEN","YR","A","2018",83.4,
"NZL","LIFEEXP","MEN","YR","A","1999",75.6,
"NZL","LIFEEXP","MEN","YR","A","2000",75.9,
"NZL","LIFEEXP","MEN","YR","A","2001",76.3,
"NZL","LIFEEXP","MEN","YR","A","2002",76.7,
"NZL","LIFEEXP","MEN","YR","A","2003",77,
"NZL","LIFEEXP","MEN","YR","A","2004",77.4,
"NZL","LIFEEXP","MEN","YR","A","2005",77.7,
"NZL","LIFEEXP","MEN","YR","A","2006",78,
"NZL","LIFEEXP","MEN","YR","A","2007",78.2,
"NZL","LIFEEXP","MEN","YR","A","2008",78.4,
"NZL","LIFEEXP","MEN","YR","A","2009",78.7,
"NZL","LIFEEXP","MEN","YR","A","2010",78.9,
"NZL","LIFEEXP","MEN","YR","A","2011",79.1,
"NZL","LIFEEXP","MEN","YR","A","2012",79.3,
"NZL","LIFEEXP","MEN","YR","A","2013",79.5,
"NZL","LIFEEXP","MEN","YR","A","2014",79.7,
"NZL","LIFEEXP","MEN","YR","A","2015",79.9,
"NZL","LIFEEXP","MEN","YR","A","2016",80,
"NZL","LIFEEXP","MEN","YR","A","2017",80.2,
"NZL","LIFEEXP","MEN","YR","A","2018",80,
"NZL","LIFEEXP","WOMEN","YR","A","1999",80.5,
"NZL","LIFEEXP","WOMEN","YR","A","2000",80.8,
"NZL","LIFEEXP","WOMEN","YR","A","2001",81.1,
"NZL","LIFEEXP","WOMEN","YR","A","2002",81.3,
"NZL","LIFEEXP","WOMEN","YR","A","2003",81.5,
"NZL","LIFEEXP","WOMEN","YR","A","2004",81.7,
"NZL","LIFEEXP","WOMEN","YR","A","2005",81.9,
"NZL","LIFEEXP","WOMEN","YR","A","2006",82.2,
"NZL","LIFEEXP","WOMEN","YR","A","2007",82.3,
"NZL","LIFEEXP","WOMEN","YR","A","2008",82.5,
"NZL","LIFEEXP","WOMEN","YR","A","2009",82.6,
"NZL","LIFEEXP","WOMEN","YR","A","2010",82.7,
"NZL","LIFEEXP","WOMEN","YR","A","2011",82.9,
"NZL","LIFEEXP","WOMEN","YR","A","2012",83,
"NZL","LIFEEXP","WOMEN","YR","A","2013",83.2,
"NZL","LIFEEXP","WOMEN","YR","A","2014",83.3,
"NZL","LIFEEXP","WOMEN","YR","A","2015",83.4,
"NZL","LIFEEXP","WOMEN","YR","A","2016",83.4,
"NZL","LIFEEXP","WOMEN","YR","A","2017",83.6,
"NZL","LIFEEXP","WOMEN","YR","A","2018",83.5,
"NOR","LIFEEXP","MEN","YR","A","1999",75.6,
"NOR","LIFEEXP","MEN","YR","A","2000",76,
"NOR","LIFEEXP","MEN","YR","A","2001",76.2,
"NOR","LIFEEXP","MEN","YR","A","2002",76.4,
"NOR","LIFEEXP","MEN","YR","A","2003",77.1,
"NOR","LIFEEXP","MEN","YR","A","2004",77.6,
"NOR","LIFEEXP","MEN","YR","A","2005",77.8,
"NOR","LIFEEXP","MEN","YR","A","2006",78.2,
"NOR","LIFEEXP","MEN","YR","A","2007",78.3,
"NOR","LIFEEXP","MEN","YR","A","2008",78.4,
"NOR","LIFEEXP","MEN","YR","A","2009",78.7,
"NOR","LIFEEXP","MEN","YR","A","2010",79,
"NOR","LIFEEXP","MEN","YR","A","2011",79.1,
"NOR","LIFEEXP","MEN","YR","A","2012",79.5,
"NOR","LIFEEXP","MEN","YR","A","2013",79.8,
"NOR","LIFEEXP","MEN","YR","A","2014",80.1,
"NOR","LIFEEXP","MEN","YR","A","2015",80.5,
"NOR","LIFEEXP","MEN","YR","A","2016",80.7,
"NOR","LIFEEXP","MEN","YR","A","2017",81,
"NOR","LIFEEXP","MEN","YR","A","2018",81.1,
"NOR","LIFEEXP","WOMEN","YR","A","1999",81.2,
"NOR","LIFEEXP","WOMEN","YR","A","2000",81.5,
"NOR","LIFEEXP","WOMEN","YR","A","2001",81.6,
"NOR","LIFEEXP","WOMEN","YR","A","2002",81.6,
"NOR","LIFEEXP","WOMEN","YR","A","2003",82.1,
"NOR","LIFEEXP","WOMEN","YR","A","2004",82.5,
"NOR","LIFEEXP","WOMEN","YR","A","2005",82.7,
"NOR","LIFEEXP","WOMEN","YR","A","2006",82.9,
"NOR","LIFEEXP","WOMEN","YR","A","2007",82.9,
"NOR","LIFEEXP","WOMEN","YR","A","2008",83.2,
"NOR","LIFEEXP","WOMEN","YR","A","2009",83.2,
"NOR","LIFEEXP","WOMEN","YR","A","2010",83.3,
"NOR","LIFEEXP","WOMEN","YR","A","2011",83.6,
"NOR","LIFEEXP","WOMEN","YR","A","2012",83.5,
"NOR","LIFEEXP","WOMEN","YR","A","2013",83.8,
"NOR","LIFEEXP","WOMEN","YR","A","2014",84.2,
"NOR","LIFEEXP","WOMEN","YR","A","2015",84.2,
"NOR","LIFEEXP","WOMEN","YR","A","2016",84.2,
"NOR","LIFEEXP","WOMEN","YR","A","2017",84.3,
"NOR","LIFEEXP","WOMEN","YR","A","2018",84.5,
"POL","LIFEEXP","MEN","YR","A","1999",68.8,
"POL","LIFEEXP","MEN","YR","A","2000",69.6,"B"
"POL","LIFEEXP","MEN","YR","A","2001",70,
"POL","LIFEEXP","MEN","YR","A","2002",70.3,
"POL","LIFEEXP","MEN","YR","A","2003",70.5,
"POL","LIFEEXP","MEN","YR","A","2004",70.6,
"POL","LIFEEXP","MEN","YR","A","2005",70.8,
"POL","LIFEEXP","MEN","YR","A","2006",70.9,
"POL","LIFEEXP","MEN","YR","A","2007",71,
"POL","LIFEEXP","MEN","YR","A","2008",71.3,
"POL","LIFEEXP","MEN","YR","A","2009",71.5,"B"
"POL","LIFEEXP","MEN","YR","A","2010",72.2,
"POL","LIFEEXP","MEN","YR","A","2011",72.5,
"POL","LIFEEXP","MEN","YR","A","2012",72.6,
"POL","LIFEEXP","MEN","YR","A","2013",73,
"POL","LIFEEXP","MEN","YR","A","2014",73.7,
"POL","LIFEEXP","MEN","YR","A","2015",73.5,
"POL","LIFEEXP","MEN","YR","A","2016",73.9,
"POL","LIFEEXP","MEN","YR","A","2017",73.9,
"POL","LIFEEXP","MEN","YR","A","2018",73.7,
"POL","LIFEEXP","WOMEN","YR","A","1999",77.5,
"POL","LIFEEXP","WOMEN","YR","A","2000",78,"B"
"POL","LIFEEXP","WOMEN","YR","A","2001",78.4,
"POL","LIFEEXP","WOMEN","YR","A","2002",78.8,
"POL","LIFEEXP","WOMEN","YR","A","2003",78.8,
"POL","LIFEEXP","WOMEN","YR","A","2004",79.2,
"POL","LIFEEXP","WOMEN","YR","A","2005",79.3,
"POL","LIFEEXP","WOMEN","YR","A","2006",79.7,
"POL","LIFEEXP","WOMEN","YR","A","2007",79.8,
"POL","LIFEEXP","WOMEN","YR","A","2008",80,
"POL","LIFEEXP","WOMEN","YR","A","2009",80.1,"B"
"POL","LIFEEXP","WOMEN","YR","A","2010",80.7,
"POL","LIFEEXP","WOMEN","YR","A","2011",81.1,
"POL","LIFEEXP","WOMEN","YR","A","2012",81.1,
"POL","LIFEEXP","WOMEN","YR","A","2013",81.2,
"POL","LIFEEXP","WOMEN","YR","A","2014",81.7,
"POL","LIFEEXP","WOMEN","YR","A","2015",81.6,
"POL","LIFEEXP","WOMEN","YR","A","2016",82,
"POL","LIFEEXP","WOMEN","YR","A","2017",81.8,
"POL","LIFEEXP","WOMEN","YR","A","2018",81.7,
"PRT","LIFEEXP","MEN","YR","A","1999",72.7,
"PRT","LIFEEXP","MEN","YR","A","2000",73.3,
"PRT","LIFEEXP","MEN","YR","A","2001",73.6,
"PRT","LIFEEXP","MEN","YR","A","2002",73.9,
"PRT","LIFEEXP","MEN","YR","A","2003",74.2,
"PRT","LIFEEXP","MEN","YR","A","2004",75,
"PRT","LIFEEXP","MEN","YR","A","2005",74.9,
"PRT","LIFEEXP","MEN","YR","A","2006",75.5,
"PRT","LIFEEXP","MEN","YR","A","2007",75.9,
"PRT","LIFEEXP","MEN","YR","A","2008",76.2,
"PRT","LIFEEXP","MEN","YR","A","2009",76.5,
"PRT","LIFEEXP","MEN","YR","A","2010",76.8,
"PRT","LIFEEXP","MEN","YR","A","2011",77.3,
"PRT","LIFEEXP","MEN","YR","A","2012",77.3,
"PRT","LIFEEXP","MEN","YR","A","2013",77.6,
"PRT","LIFEEXP","MEN","YR","A","2014",78,
"PRT","LIFEEXP","MEN","YR","A","2015",78.1,
"PRT","LIFEEXP","MEN","YR","A","2016",78.1,
"PRT","LIFEEXP","MEN","YR","A","2017",78.4,
"PRT","LIFEEXP","MEN","YR","A","2018",78.3,
"PRT","LIFEEXP","WOMEN","YR","A","1999",79.8,
"PRT","LIFEEXP","WOMEN","YR","A","2000",80.4,
"PRT","LIFEEXP","WOMEN","YR","A","2001",80.7,
"PRT","LIFEEXP","WOMEN","YR","A","2002",80.8,
"PRT","LIFEEXP","WOMEN","YR","A","2003",80.8,
"PRT","LIFEEXP","WOMEN","YR","A","2004",81.8,
"PRT","LIFEEXP","WOMEN","YR","A","2005",81.5,
"PRT","LIFEEXP","WOMEN","YR","A","2006",82.5,
"PRT","LIFEEXP","WOMEN","YR","A","2007",82.5,
"PRT","LIFEEXP","WOMEN","YR","A","2008",82.7,
"PRT","LIFEEXP","WOMEN","YR","A","2009",82.8,
"PRT","LIFEEXP","WOMEN","YR","A","2010",83.2,
"PRT","LIFEEXP","WOMEN","YR","A","2011",83.8,
"PRT","LIFEEXP","WOMEN","YR","A","2012",83.6,
"PRT","LIFEEXP","WOMEN","YR","A","2013",84,
"PRT","LIFEEXP","WOMEN","YR","A","2014",84.4,
"PRT","LIFEEXP","WOMEN","YR","A","2015",84.3,
"PRT","LIFEEXP","WOMEN","YR","A","2016",84.3,
"PRT","LIFEEXP","WOMEN","YR","A","2017",84.6,
"PRT","LIFEEXP","WOMEN","YR","A","2018",84.5,
"SVK","LIFEEXP","MEN","YR","A","1999",69,
"SVK","LIFEEXP","MEN","YR","A","2000",69.2,
"SVK","LIFEEXP","MEN","YR","A","2001",69.5,
"SVK","LIFEEXP","MEN","YR","A","2002",69.8,
"SVK","LIFEEXP","MEN","YR","A","2003",69.8,
"SVK","LIFEEXP","MEN","YR","A","2004",70.3,
"SVK","LIFEEXP","MEN","YR","A","2005",70.2,
"SVK","LIFEEXP","MEN","YR","A","2006",70.4,
"SVK","LIFEEXP","MEN","YR","A","2007",70.6,
"SVK","LIFEEXP","MEN","YR","A","2008",70.9,
"SVK","LIFEEXP","MEN","YR","A","2009",71.4,
"SVK","LIFEEXP","MEN","YR","A","2010",71.8,
"SVK","LIFEEXP","MEN","YR","A","2011",72.3,
"SVK","LIFEEXP","MEN","YR","A","2012",72.5,
"SVK","LIFEEXP","MEN","YR","A","2013",72.9,
"SVK","LIFEEXP","MEN","YR","A","2014",73.3,
"SVK","LIFEEXP","MEN","YR","A","2015",73.1,
"SVK","LIFEEXP","MEN","YR","A","2016",73.8,
"SVK","LIFEEXP","MEN","YR","A","2017",73.8,
"SVK","LIFEEXP","MEN","YR","A","2018",73.9,
"SVK","LIFEEXP","WOMEN","YR","A","1999",77.4,
"SVK","LIFEEXP","WOMEN","YR","A","2000",77.5,
"SVK","LIFEEXP","WOMEN","YR","A","2001",77.7,
"SVK","LIFEEXP","WOMEN","YR","A","2002",77.7,
"SVK","LIFEEXP","WOMEN","YR","A","2003",77.7,
"SVK","LIFEEXP","WOMEN","YR","A","2004",78,
"SVK","LIFEEXP","WOMEN","YR","A","2005",78.1,
"SVK","LIFEEXP","WOMEN","YR","A","2006",78.4,
"SVK","LIFEEXP","WOMEN","YR","A","2007",78.4,
"SVK","LIFEEXP","WOMEN","YR","A","2008",79,
"SVK","LIFEEXP","WOMEN","YR","A","2009",79.1,
"SVK","LIFEEXP","WOMEN","YR","A","2010",79.3,
"SVK","LIFEEXP","WOMEN","YR","A","2011",79.8,
"SVK","LIFEEXP","WOMEN","YR","A","2012",79.9,
"SVK","LIFEEXP","WOMEN","YR","A","2013",80.1,
"SVK","LIFEEXP","WOMEN","YR","A","2014",80.5,
"SVK","LIFEEXP","WOMEN","YR","A","2015",80.2,
"SVK","LIFEEXP","WOMEN","YR","A","2016",80.7,
"SVK","LIFEEXP","WOMEN","YR","A","2017",80.7,
"SVK","LIFEEXP","WOMEN","YR","A","2018",80.8,
"ESP","LIFEEXP","MEN","YR","A","1999",75.3,
"ESP","LIFEEXP","MEN","YR","A","2000",75.8,
"ESP","LIFEEXP","MEN","YR","A","2001",76.3,
"ESP","LIFEEXP","MEN","YR","A","2002",76.4,
"ESP","LIFEEXP","MEN","YR","A","2003",76.4,
"ESP","LIFEEXP","MEN","YR","A","2004",77,
"ESP","LIFEEXP","MEN","YR","A","2005",77,
"ESP","LIFEEXP","MEN","YR","A","2006",77.8,
"ESP","LIFEEXP","MEN","YR","A","2007",77.9,
"ESP","LIFEEXP","MEN","YR","A","2008",78.3,
"ESP","LIFEEXP","MEN","YR","A","2009",78.8,
"ESP","LIFEEXP","MEN","YR","A","2010",79.2,
"ESP","LIFEEXP","MEN","YR","A","2011",79.5,
"ESP","LIFEEXP","MEN","YR","A","2012",79.5,
"ESP","LIFEEXP","MEN","YR","A","2013",80.2,
"ESP","LIFEEXP","MEN","YR","A","2014",80.4,
"ESP","LIFEEXP","MEN","YR","A","2015",80.1,
"ESP","LIFEEXP","MEN","YR","A","2016",80.5,
"ESP","LIFEEXP","MEN","YR","A","2017",80.6,
"ESP","LIFEEXP","MEN","YR","A","2018",80.7,
"ESP","LIFEEXP","WOMEN","YR","A","1999",82.3,
"ESP","LIFEEXP","WOMEN","YR","A","2000",82.8,
"ESP","LIFEEXP","WOMEN","YR","A","2001",83.2,
"ESP","LIFEEXP","WOMEN","YR","A","2002",83.3,
"ESP","LIFEEXP","WOMEN","YR","A","2003",83,
"ESP","LIFEEXP","WOMEN","YR","A","2004",83.7,
"ESP","LIFEEXP","WOMEN","YR","A","2005",83.6,
"ESP","LIFEEXP","WOMEN","YR","A","2006",84.4,
"ESP","LIFEEXP","WOMEN","YR","A","2007",84.4,
"ESP","LIFEEXP","WOMEN","YR","A","2008",84.6,
"ESP","LIFEEXP","WOMEN","YR","A","2009",85,
"ESP","LIFEEXP","WOMEN","YR","A","2010",85.5,
"ESP","LIFEEXP","WOMEN","YR","A","2011",85.6,
"ESP","LIFEEXP","WOMEN","YR","A","2012",85.5,
"ESP","LIFEEXP","WOMEN","YR","A","2013",86.1,
"ESP","LIFEEXP","WOMEN","YR","A","2014",86.2,
"ESP","LIFEEXP","WOMEN","YR","A","2015",85.7,
"ESP","LIFEEXP","WOMEN","YR","A","2016",86.3,
"ESP","LIFEEXP","WOMEN","YR","A","2017",86.1,
"ESP","LIFEEXP","WOMEN","YR","A","2018",86.3,
"SWE","LIFEEXP","MEN","YR","A","1999",77.1,
"SWE","LIFEEXP","MEN","YR","A","2000",77.4,
"SWE","LIFEEXP","MEN","YR","A","2001",77.6,
"SWE","LIFEEXP","MEN","YR","A","2002",77.7,
"SWE","LIFEEXP","MEN","YR","A","2003",78,
"SWE","LIFEEXP","MEN","YR","A","2004",78.4,
"SWE","LIFEEXP","MEN","YR","A","2005",78.5,
"SWE","LIFEEXP","MEN","YR","A","2006",78.8,
"SWE","LIFEEXP","MEN","YR","A","2007",79,
"SWE","LIFEEXP","MEN","YR","A","2008",79.2,
"SWE","LIFEEXP","MEN","YR","A","2009",79.4,
"SWE","LIFEEXP","MEN","YR","A","2010",79.6,
"SWE","LIFEEXP","MEN","YR","A","2011",79.9,
"SWE","LIFEEXP","MEN","YR","A","2012",79.9,
"SWE","LIFEEXP","MEN","YR","A","2013",80.2,
"SWE","LIFEEXP","MEN","YR","A","2014",80.4,
"SWE","LIFEEXP","MEN","YR","A","2015",80.4,
"SWE","LIFEEXP","MEN","YR","A","2016",80.6,
"SWE","LIFEEXP","MEN","YR","A","2017",80.8,
"SWE","LIFEEXP","MEN","YR","A","2018",80.9,
"SWE","LIFEEXP","WOMEN","YR","A","1999",82,
"SWE","LIFEEXP","WOMEN","YR","A","2000",82,
"SWE","LIFEEXP","WOMEN","YR","A","2001",82.2,
"SWE","LIFEEXP","WOMEN","YR","A","2002",82.1,
"SWE","LIFEEXP","WOMEN","YR","A","2003",82.5,
"SWE","LIFEEXP","WOMEN","YR","A","2004",82.8,
"SWE","LIFEEXP","WOMEN","YR","A","2005",82.9,
"SWE","LIFEEXP","WOMEN","YR","A","2006",83.1,
"SWE","LIFEEXP","WOMEN","YR","A","2007",83.1,
"SWE","LIFEEXP","WOMEN","YR","A","2008",83.3,
"SWE","LIFEEXP","WOMEN","YR","A","2009",83.5,
"SWE","LIFEEXP","WOMEN","YR","A","2010",83.6,
"SWE","LIFEEXP","WOMEN","YR","A","2011",83.8,
"SWE","LIFEEXP","WOMEN","YR","A","2012",83.6,
"SWE","LIFEEXP","WOMEN","YR","A","2013",83.8,
"SWE","LIFEEXP","WOMEN","YR","A","2014",84.2,
"SWE","LIFEEXP","WOMEN","YR","A","2015",84.1,
"SWE","LIFEEXP","WOMEN","YR","A","2016",84.1,
"SWE","LIFEEXP","WOMEN","YR","A","2017",84.1,
"SWE","LIFEEXP","WOMEN","YR","A","2018",84.3,
"CHE","LIFEEXP","MEN","YR","A","1999",76.8,
"CHE","LIFEEXP","MEN","YR","A","2000",77,
"CHE","LIFEEXP","MEN","YR","A","2001",77.5,
"CHE","LIFEEXP","MEN","YR","A","2002",77.9,
"CHE","LIFEEXP","MEN","YR","A","2003",78,
"CHE","LIFEEXP","MEN","YR","A","2004",78.6,
"CHE","LIFEEXP","MEN","YR","A","2005",78.7,
"CHE","LIFEEXP","MEN","YR","A","2006",79.2,
"CHE","LIFEEXP","MEN","YR","A","2007",79.5,
"CHE","LIFEEXP","MEN","YR","A","2008",79.8,
"CHE","LIFEEXP","MEN","YR","A","2009",79.9,
"CHE","LIFEEXP","MEN","YR","A","2010",80.3,
"CHE","LIFEEXP","MEN","YR","A","2011",80.5,"B"
"CHE","LIFEEXP","MEN","YR","A","2012",80.6,
"CHE","LIFEEXP","MEN","YR","A","2013",80.7,
"CHE","LIFEEXP","MEN","YR","A","2014",81.1,
"CHE","LIFEEXP","MEN","YR","A","2015",80.8,
"CHE","LIFEEXP","MEN","YR","A","2016",81.7,
"CHE","LIFEEXP","MEN","YR","A","2017",81.6,
"CHE","LIFEEXP","MEN","YR","A","2018",81.9,
"CHE","LIFEEXP","WOMEN","YR","A","1999",82.7,
"CHE","LIFEEXP","WOMEN","YR","A","2000",82.8,
"CHE","LIFEEXP","WOMEN","YR","A","2001",83.2,
"CHE","LIFEEXP","WOMEN","YR","A","2002",83.2,
"CHE","LIFEEXP","WOMEN","YR","A","2003",83.2,
"CHE","LIFEEXP","WOMEN","YR","A","2004",83.8,
"CHE","LIFEEXP","WOMEN","YR","A","2005",84,
"CHE","LIFEEXP","WOMEN","YR","A","2006",84.2,
"CHE","LIFEEXP","WOMEN","YR","A","2007",84.4,
"CHE","LIFEEXP","WOMEN","YR","A","2008",84.6,
"CHE","LIFEEXP","WOMEN","YR","A","2009",84.6,
"CHE","LIFEEXP","WOMEN","YR","A","2010",84.9,
"CHE","LIFEEXP","WOMEN","YR","A","2011",85,"B"
"CHE","LIFEEXP","WOMEN","YR","A","2012",84.9,
"CHE","LIFEEXP","WOMEN","YR","A","2013",85,
"CHE","LIFEEXP","WOMEN","YR","A","2014",85.4,
"CHE","LIFEEXP","WOMEN","YR","A","2015",85.1,
"CHE","LIFEEXP","WOMEN","YR","A","2016",85.6,
"CHE","LIFEEXP","WOMEN","YR","A","2017",85.6,
"CHE","LIFEEXP","WOMEN","YR","A","2018",85.7,
"TUR","LIFEEXP","MEN","YR","A","1999",68.6,
"TUR","LIFEEXP","MEN","YR","A","2000",69,
"TUR","LIFEEXP","MEN","YR","A","2001",69.4,
"TUR","LIFEEXP","MEN","YR","A","2002",69.8,
"TUR","LIFEEXP","MEN","YR","A","2003",70.2,
"TUR","LIFEEXP","MEN","YR","A","2004",70.6,
"TUR","LIFEEXP","MEN","YR","A","2005",71,
"TUR","LIFEEXP","MEN","YR","A","2006",71.2,
"TUR","LIFEEXP","MEN","YR","A","2007",71.4,
"TUR","LIFEEXP","MEN","YR","A","2008",71.5,
"TUR","LIFEEXP","MEN","YR","A","2009",71.7,
"TUR","LIFEEXP","MEN","YR","A","2010",71.8,
"TUR","LIFEEXP","MEN","YR","A","2011",72,
"TUR","LIFEEXP","MEN","YR","A","2012",72,
"TUR","LIFEEXP","MEN","YR","A","2013",75.3,"B"
"TUR","LIFEEXP","MEN","YR","A","2014",75.3,
"TUR","LIFEEXP","MEN","YR","A","2015",75.3,
"TUR","LIFEEXP","MEN","YR","A","2016",75.3,
"TUR","LIFEEXP","MEN","YR","A","2017",75.3,
"TUR","LIFEEXP","MEN","YR","A","2018",75.6,
"TUR","LIFEEXP","WOMEN","YR","A","1999",72.7,
"TUR","LIFEEXP","WOMEN","YR","A","2000",73.1,
"TUR","LIFEEXP","WOMEN","YR","A","2001",73.5,
"TUR","LIFEEXP","WOMEN","YR","A","2002",73.9,
"TUR","LIFEEXP","WOMEN","YR","A","2003",74.4,
"TUR","LIFEEXP","WOMEN","YR","A","2004",74.8,
"TUR","LIFEEXP","WOMEN","YR","A","2005",75.2,
"TUR","LIFEEXP","WOMEN","YR","A","2006",75.6,
"TUR","LIFEEXP","WOMEN","YR","A","2007",75.9,
"TUR","LIFEEXP","WOMEN","YR","A","2008",76.2,
"TUR","LIFEEXP","WOMEN","YR","A","2009",76.5,
"TUR","LIFEEXP","WOMEN","YR","A","2010",76.8,
"TUR","LIFEEXP","WOMEN","YR","A","2011",77.1,
"TUR","LIFEEXP","WOMEN","YR","A","2012",77.2,
"TUR","LIFEEXP","WOMEN","YR","A","2013",80.7,"B"
"TUR","LIFEEXP","WOMEN","YR","A","2014",80.7,
"TUR","LIFEEXP","WOMEN","YR","A","2015",80.7,
"TUR","LIFEEXP","WOMEN","YR","A","2016",80.7,
"TUR","LIFEEXP","WOMEN","YR","A","2017",80.8,
"TUR","LIFEEXP","WOMEN","YR","A","2018",81,
"GBR","LIFEEXP","MEN","YR","A","1999",75,
"GBR","LIFEEXP","MEN","YR","A","2000",75.5,
"GBR","LIFEEXP","MEN","YR","A","2001",75.8,
"GBR","LIFEEXP","MEN","YR","A","2002",76,
"GBR","LIFEEXP","MEN","YR","A","2003",76.2,
"GBR","LIFEEXP","MEN","YR","A","2004",76.8,
"GBR","LIFEEXP","MEN","YR","A","2005",77,
"GBR","LIFEEXP","MEN","YR","A","2006",77.3,
"GBR","LIFEEXP","MEN","YR","A","2007",77.6,
"GBR","LIFEEXP","MEN","YR","A","2008",77.7,
"GBR","LIFEEXP","MEN","YR","A","2009",78.3,
"GBR","LIFEEXP","MEN","YR","A","2010",78.6,
"GBR","LIFEEXP","MEN","YR","A","2011",79,
"GBR","LIFEEXP","MEN","YR","A","2012",79.1,
"GBR","LIFEEXP","MEN","YR","A","2013",79.2,
"GBR","LIFEEXP","MEN","YR","A","2014",79.5,
"GBR","LIFEEXP","MEN","YR","A","2015",79.2,
"GBR","LIFEEXP","MEN","YR","A","2016",79.4,
"GBR","LIFEEXP","MEN","YR","A","2017",79.5,
"GBR","LIFEEXP","MEN","YR","A","2018",79.5,
"GBR","LIFEEXP","WOMEN","YR","A","1999",79.9,
"GBR","LIFEEXP","WOMEN","YR","A","2000",80.3,
"GBR","LIFEEXP","WOMEN","YR","A","2001",80.5,
"GBR","LIFEEXP","WOMEN","YR","A","2002",80.6,
"GBR","LIFEEXP","WOMEN","YR","A","2003",80.5,
"GBR","LIFEEXP","WOMEN","YR","A","2004",81.1,
"GBR","LIFEEXP","WOMEN","YR","A","2005",81.3,
"GBR","LIFEEXP","WOMEN","YR","A","2006",81.6,
"GBR","LIFEEXP","WOMEN","YR","A","2007",81.8,
"GBR","LIFEEXP","WOMEN","YR","A","2008",81.8,
"GBR","LIFEEXP","WOMEN","YR","A","2009",82.4,
"GBR","LIFEEXP","WOMEN","YR","A","2010",82.6,
"GBR","LIFEEXP","WOMEN","YR","A","2011",83,
"GBR","LIFEEXP","WOMEN","YR","A","2012",82.8,
"GBR","LIFEEXP","WOMEN","YR","A","2013",82.9,
"GBR","LIFEEXP","WOMEN","YR","A","2014",83.2,
"GBR","LIFEEXP","WOMEN","YR","A","2015",82.8,
"GBR","LIFEEXP","WOMEN","YR","A","2016",83,
"GBR","LIFEEXP","WOMEN","YR","A","2017",83.1,
"GBR","LIFEEXP","WOMEN","YR","A","2018",83.1,
"USA","LIFEEXP","MEN","YR","A","1999",73.9,
"USA","LIFEEXP","MEN","YR","A","2000",74.1,
"USA","LIFEEXP","MEN","YR","A","2001",74.3,
"USA","LIFEEXP","MEN","YR","A","2002",74.4,
"USA","LIFEEXP","MEN","YR","A","2003",74.5,
"USA","LIFEEXP","MEN","YR","A","2004",75,
"USA","LIFEEXP","MEN","YR","A","2005",75,
"USA","LIFEEXP","MEN","YR","A","2006",75.2,
"USA","LIFEEXP","MEN","YR","A","2007",75.5,
"USA","LIFEEXP","MEN","YR","A","2008",75.6,
"USA","LIFEEXP","MEN","YR","A","2009",76,
"USA","LIFEEXP","MEN","YR","A","2010",76.2,
"USA","LIFEEXP","MEN","YR","A","2011",76.3,
"USA","LIFEEXP","MEN","YR","A","2012",76.4,
"USA","LIFEEXP","MEN","YR","A","2013",76.4,
"USA","LIFEEXP","MEN","YR","A","2014",76.5,
"USA","LIFEEXP","MEN","YR","A","2015",76.3,
"USA","LIFEEXP","MEN","YR","A","2016",76.2,
"USA","LIFEEXP","MEN","YR","A","2017",76.1,
"USA","LIFEEXP","MEN","YR","A","2018",76.2,
"USA","LIFEEXP","WOMEN","YR","A","1999",79.4,
"USA","LIFEEXP","WOMEN","YR","A","2000",79.3,
"USA","LIFEEXP","WOMEN","YR","A","2001",79.5,
"USA","LIFEEXP","WOMEN","YR","A","2002",79.6,
"USA","LIFEEXP","WOMEN","YR","A","2003",79.7,
"USA","LIFEEXP","WOMEN","YR","A","2004",80.1,
"USA","LIFEEXP","WOMEN","YR","A","2005",80.1,
"USA","LIFEEXP","WOMEN","YR","A","2006",80.3,
"USA","LIFEEXP","WOMEN","YR","A","2007",80.6,
"USA","LIFEEXP","WOMEN","YR","A","2008",80.6,
"USA","LIFEEXP","WOMEN","YR","A","2009",80.9,
"USA","LIFEEXP","WOMEN","YR","A","2010",81,
"USA","LIFEEXP","WOMEN","YR","A","2011",81.1,
"USA","LIFEEXP","WOMEN","YR","A","2012",81.2,
"USA","LIFEEXP","WOMEN","YR","A","2013",81.2,
"USA","LIFEEXP","WOMEN","YR","A","2014",81.3,
"USA","LIFEEXP","WOMEN","YR","A","2015",81.1,
"USA","LIFEEXP","WOMEN","YR","A","2016",81.1,
"USA","LIFEEXP","WOMEN","YR","A","2017",81.1,
"USA","LIFEEXP","WOMEN","YR","A","2018",81.2,
"BRA","LIFEEXP","MEN","YR","A","1999",66.1,
"BRA","LIFEEXP","MEN","YR","A","2000",66.4,
"BRA","LIFEEXP","MEN","YR","A","2001",66.8,
"BRA","LIFEEXP","MEN","YR","A","2002",67.1,
"BRA","LIFEEXP","MEN","YR","A","2003",67.4,
"BRA","LIFEEXP","MEN","YR","A","2004",67.8,
"BRA","LIFEEXP","MEN","YR","A","2005",68.2,
"BRA","LIFEEXP","MEN","YR","A","2006",68.5,
"BRA","LIFEEXP","MEN","YR","A","2007",68.9,
"BRA","LIFEEXP","MEN","YR","A","2008",69.3,
"BRA","LIFEEXP","MEN","YR","A","2009",69.6,
"BRA","LIFEEXP","MEN","YR","A","2010",70,
"BRA","LIFEEXP","MEN","YR","A","2011",70.3,
"BRA","LIFEEXP","MEN","YR","A","2012",70.6,
"BRA","LIFEEXP","MEN","YR","A","2013",70.8,
"BRA","LIFEEXP","MEN","YR","A","2014",71.1,
"BRA","LIFEEXP","MEN","YR","A","2015",71.3,
"BRA","LIFEEXP","MEN","YR","A","2016",71.6,
"BRA","LIFEEXP","MEN","YR","A","2017",71.8,
"BRA","LIFEEXP","MEN","YR","A","2018",72,
"BRA","LIFEEXP","WOMEN","YR","A","1999",73.6,
"BRA","LIFEEXP","WOMEN","YR","A","2000",74,
"BRA","LIFEEXP","WOMEN","YR","A","2001",74.4,
"BRA","LIFEEXP","WOMEN","YR","A","2002",74.7,
"BRA","LIFEEXP","WOMEN","YR","A","2003",75.1,
"BRA","LIFEEXP","WOMEN","YR","A","2004",75.4,
"BRA","LIFEEXP","WOMEN","YR","A","2005",75.8,
"BRA","LIFEEXP","WOMEN","YR","A","2006",76.1,
"BRA","LIFEEXP","WOMEN","YR","A","2007",76.5,
"BRA","LIFEEXP","WOMEN","YR","A","2008",76.8,
"BRA","LIFEEXP","WOMEN","YR","A","2009",77.1,
"BRA","LIFEEXP","WOMEN","YR","A","2010",77.4,
"BRA","LIFEEXP","WOMEN","YR","A","2011",77.7,
"BRA","LIFEEXP","WOMEN","YR","A","2012",77.9,
"BRA","LIFEEXP","WOMEN","YR","A","2013",78.2,
"BRA","LIFEEXP","WOMEN","YR","A","2014",78.5,
"BRA","LIFEEXP","WOMEN","YR","A","2015",78.7,
"BRA","LIFEEXP","WOMEN","YR","A","2016",78.9,
"BRA","LIFEEXP","WOMEN","YR","A","2017",79.2,
"BRA","LIFEEXP","WOMEN","YR","A","2018",79.4,
"CHL","LIFEEXP","MEN","YR","A","1999",73.1,
"CHL","LIFEEXP","MEN","YR","A","2000",73.4,
"CHL","LIFEEXP","MEN","YR","A","2001",73.6,
"CHL","LIFEEXP","MEN","YR","A","2002",73.9,
"CHL","LIFEEXP","MEN","YR","A","2003",74.2,
"CHL","LIFEEXP","MEN","YR","A","2004",74.4,
"CHL","LIFEEXP","MEN","YR","A","2005",74.7,
"CHL","LIFEEXP","MEN","YR","A","2006",74.9,
"CHL","LIFEEXP","MEN","YR","A","2007",75.1,
"CHL","LIFEEXP","MEN","YR","A","2008",75.4,
"CHL","LIFEEXP","MEN","YR","A","2009",75.6,
"CHL","LIFEEXP","MEN","YR","A","2010",75.9,
"CHL","LIFEEXP","MEN","YR","A","2011",76.1,
"CHL","LIFEEXP","MEN","YR","A","2012",76.3,
"CHL","LIFEEXP","MEN","YR","A","2013",76.6,
"CHL","LIFEEXP","MEN","YR","A","2014",76.8,
"CHL","LIFEEXP","MEN","YR","A","2015",77,
"CHL","LIFEEXP","MEN","YR","A","2016",77.2,
"CHL","LIFEEXP","MEN","YR","A","2017",77.4,
"CHL","LIFEEXP","MEN","YR","A","2018",77.7,
"CHL","LIFEEXP","MEN","YR","A","2019",77.9,
"CHL","LIFEEXP","WOMEN","YR","A","1999",79.2,
"CHL","LIFEEXP","WOMEN","YR","A","2000",79.5,
"CHL","LIFEEXP","WOMEN","YR","A","2001",79.8,
"CHL","LIFEEXP","WOMEN","YR","A","2002",80,
"CHL","LIFEEXP","WOMEN","YR","A","2003",80.2,
"CHL","LIFEEXP","WOMEN","YR","A","2004",80.5,
"CHL","LIFEEXP","WOMEN","YR","A","2005",80.7,
"CHL","LIFEEXP","WOMEN","YR","A","2006",80.9,
"CHL","LIFEEXP","WOMEN","YR","A","2007",81.1,
"CHL","LIFEEXP","WOMEN","YR","A","2008",81.3,
"CHL","LIFEEXP","WOMEN","YR","A","2009",81.5,
"CHL","LIFEEXP","WOMEN","YR","A","2010",81.7,
"CHL","LIFEEXP","WOMEN","YR","A","2011",81.9,
"CHL","LIFEEXP","WOMEN","YR","A","2012",82.1,
"CHL","LIFEEXP","WOMEN","YR","A","2013",82.3,
"CHL","LIFEEXP","WOMEN","YR","A","2014",82.5,
"CHL","LIFEEXP","WOMEN","YR","A","2015",82.7,
"CHL","LIFEEXP","WOMEN","YR","A","2016",82.9,
"CHL","LIFEEXP","WOMEN","YR","A","2017",83,
"CHL","LIFEEXP","WOMEN","YR","A","2018",83.2,
"CHL","LIFEEXP","WOMEN","YR","A","2019",83.4,
"CHN","LIFEEXP","MEN","YR","A","1999",69.2,
"CHN","LIFEEXP","MEN","YR","A","2000",69.6,
"CHN","LIFEEXP","MEN","YR","A","2001",70,
"CHN","LIFEEXP","MEN","YR","A","2002",70.4,
"CHN","LIFEEXP","MEN","YR","A","2003",70.7,
"CHN","LIFEEXP","MEN","YR","A","2004",71,
"CHN","LIFEEXP","MEN","YR","A","2005",71.3,
"CHN","LIFEEXP","MEN","YR","A","2006",71.6,
"CHN","LIFEEXP","MEN","YR","A","2007",71.8,
"CHN","LIFEEXP","MEN","YR","A","2008",72,
"CHN","LIFEEXP","MEN","YR","A","2009",72.2,
"CHN","LIFEEXP","MEN","YR","A","2010",72.5,
"CHN","LIFEEXP","MEN","YR","A","2011",72.7,
"CHN","LIFEEXP","MEN","YR","A","2012",73,
"CHN","LIFEEXP","MEN","YR","A","2013",73.2,
"CHN","LIFEEXP","MEN","YR","A","2014",73.5,
"CHN","LIFEEXP","MEN","YR","A","2015",73.8,
"CHN","LIFEEXP","MEN","YR","A","2016",74.1,
"CHN","LIFEEXP","MEN","YR","A","2017",74.3,
"CHN","LIFEEXP","MEN","YR","A","2018",74.5,
"CHN","LIFEEXP","WOMEN","YR","A","1999",73.1,
"CHN","LIFEEXP","WOMEN","YR","A","2000",73.4,
"CHN","LIFEEXP","WOMEN","YR","A","2001",73.7,
"CHN","LIFEEXP","WOMEN","YR","A","2002",74,
"CHN","LIFEEXP","WOMEN","YR","A","2003",74.2,
"CHN","LIFEEXP","WOMEN","YR","A","2004",74.5,
"CHN","LIFEEXP","WOMEN","YR","A","2005",74.8,
"CHN","LIFEEXP","WOMEN","YR","A","2006",75.2,
"CHN","LIFEEXP","WOMEN","YR","A","2007",75.5,
"CHN","LIFEEXP","WOMEN","YR","A","2008",75.9,
"CHN","LIFEEXP","WOMEN","YR","A","2009",76.2,
"CHN","LIFEEXP","WOMEN","YR","A","2010",76.6,
"CHN","LIFEEXP","WOMEN","YR","A","2011",76.9,
"CHN","LIFEEXP","WOMEN","YR","A","2012",77.3,
"CHN","LIFEEXP","WOMEN","YR","A","2013",77.6,
"CHN","LIFEEXP","WOMEN","YR","A","2014",78,
"CHN","LIFEEXP","WOMEN","YR","A","2015",78.3,
"CHN","LIFEEXP","WOMEN","YR","A","2016",78.6,
"CHN","LIFEEXP","WOMEN","YR","A","2017",78.8,
"CHN","LIFEEXP","WOMEN","YR","A","2018",79.1,
"EST","LIFEEXP","MEN","YR","A","1999",65,
"EST","LIFEEXP","MEN","YR","A","2000",65.6,
"EST","LIFEEXP","MEN","YR","A","2001",65.2,
"EST","LIFEEXP","MEN","YR","A","2002",65.6,
"EST","LIFEEXP","MEN","YR","A","2003",66.4,
"EST","LIFEEXP","MEN","YR","A","2004",66.7,
"EST","LIFEEXP","MEN","YR","A","2005",67.6,
"EST","LIFEEXP","MEN","YR","A","2006",67.6,
"EST","LIFEEXP","MEN","YR","A","2007",67.5,
"EST","LIFEEXP","MEN","YR","A","2008",68.9,
"EST","LIFEEXP","MEN","YR","A","2009",70,
"EST","LIFEEXP","MEN","YR","A","2010",70.9,
"EST","LIFEEXP","MEN","YR","A","2011",71.4,
"EST","LIFEEXP","MEN","YR","A","2012",71.4,
"EST","LIFEEXP","MEN","YR","A","2013",72.8,
"EST","LIFEEXP","MEN","YR","A","2014",72.4,
"EST","LIFEEXP","MEN","YR","A","2015",73.2,
"EST","LIFEEXP","MEN","YR","A","2016",73.3,
"EST","LIFEEXP","MEN","YR","A","2017",73.8,
"EST","LIFEEXP","MEN","YR","A","2018",74,
"EST","LIFEEXP","WOMEN","YR","A","1999",76.1,
"EST","LIFEEXP","WOMEN","YR","A","2000",76.4,
"EST","LIFEEXP","WOMEN","YR","A","2001",76.5,
"EST","LIFEEXP","WOMEN","YR","A","2002",77.2,
"EST","LIFEEXP","WOMEN","YR","A","2003",77.2,
"EST","LIFEEXP","WOMEN","YR","A","2004",78,
"EST","LIFEEXP","WOMEN","YR","A","2005",78.2,
"EST","LIFEEXP","WOMEN","YR","A","2006",78.6,
"EST","LIFEEXP","WOMEN","YR","A","2007",78.9,
"EST","LIFEEXP","WOMEN","YR","A","2008",79.5,
"EST","LIFEEXP","WOMEN","YR","A","2009",80.3,
"EST","LIFEEXP","WOMEN","YR","A","2010",80.8,
"EST","LIFEEXP","WOMEN","YR","A","2011",81.3,
"EST","LIFEEXP","WOMEN","YR","A","2012",81.5,
"EST","LIFEEXP","WOMEN","YR","A","2013",81.7,
"EST","LIFEEXP","WOMEN","YR","A","2014",81.9,
"EST","LIFEEXP","WOMEN","YR","A","2015",82.2,
"EST","LIFEEXP","WOMEN","YR","A","2016",82.2,
"EST","LIFEEXP","WOMEN","YR","A","2017",82.6,
"EST","LIFEEXP","WOMEN","YR","A","2018",82.7,
"IND","LIFEEXP","MEN","YR","A","1999",61.3,
"IND","LIFEEXP","MEN","YR","A","2000",61.7,
"IND","LIFEEXP","MEN","YR","A","2001",62.1,
"IND","LIFEEXP","MEN","YR","A","2002",62.5,
"IND","LIFEEXP","MEN","YR","A","2003",62.9,
"IND","LIFEEXP","MEN","YR","A","2004",63.3,
"IND","LIFEEXP","MEN","YR","A","2005",63.7,
"IND","LIFEEXP","MEN","YR","A","2006",64.1,
"IND","LIFEEXP","MEN","YR","A","2007",64.5,
"IND","LIFEEXP","MEN","YR","A","2008",64.9,
"IND","LIFEEXP","MEN","YR","A","2009",65.3,
"IND","LIFEEXP","MEN","YR","A","2010",65.7,
"IND","LIFEEXP","MEN","YR","A","2011",66.1,
"IND","LIFEEXP","MEN","YR","A","2012",66.5,
"IND","LIFEEXP","MEN","YR","A","2013",66.8,
"IND","LIFEEXP","MEN","YR","A","2014",67.2,
"IND","LIFEEXP","MEN","YR","A","2015",67.5,
"IND","LIFEEXP","MEN","YR","A","2016",67.7,
"IND","LIFEEXP","MEN","YR","A","2017",68,
"IND","LIFEEXP","MEN","YR","A","2018",68.2,
"IND","LIFEEXP","WOMEN","YR","A","1999",62.9,
"IND","LIFEEXP","WOMEN","YR","A","2000",63.3,
"IND","LIFEEXP","WOMEN","YR","A","2001",63.7,
"IND","LIFEEXP","WOMEN","YR","A","2002",64.1,
"IND","LIFEEXP","WOMEN","YR","A","2003",64.5,
"IND","LIFEEXP","WOMEN","YR","A","2004",64.9,
"IND","LIFEEXP","WOMEN","YR","A","2005",65.4,
"IND","LIFEEXP","WOMEN","YR","A","2006",65.8,
"IND","LIFEEXP","WOMEN","YR","A","2007",66.3,
"IND","LIFEEXP","WOMEN","YR","A","2008",66.7,
"IND","LIFEEXP","WOMEN","YR","A","2009",67.2,
"IND","LIFEEXP","WOMEN","YR","A","2010",67.7,
"IND","LIFEEXP","WOMEN","YR","A","2011",68.2,
"IND","LIFEEXP","WOMEN","YR","A","2012",68.7,
"IND","LIFEEXP","WOMEN","YR","A","2013",69.1,
"IND","LIFEEXP","WOMEN","YR","A","2014",69.5,
"IND","LIFEEXP","WOMEN","YR","A","2015",69.8,
"IND","LIFEEXP","WOMEN","YR","A","2016",70.1,
"IND","LIFEEXP","WOMEN","YR","A","2017",70.4,
"IND","LIFEEXP","WOMEN","YR","A","2018",70.7,
"IDN","LIFEEXP","MEN","YR","A","1999",64.1,
"IDN","LIFEEXP","MEN","YR","A","2000",64.3,
"IDN","LIFEEXP","MEN","YR","A","2001",64.6,
"IDN","LIFEEXP","MEN","YR","A","2002",64.8,
"IDN","LIFEEXP","MEN","YR","A","2003",65,
"IDN","LIFEEXP","MEN","YR","A","2004",65.3,
"IDN","LIFEEXP","MEN","YR","A","2005",65.6,
"IDN","LIFEEXP","MEN","YR","A","2006",65.9,
"IDN","LIFEEXP","MEN","YR","A","2007",66.2,
"IDN","LIFEEXP","MEN","YR","A","2008",66.6,
"IDN","LIFEEXP","MEN","YR","A","2009",66.9,
"IDN","LIFEEXP","MEN","YR","A","2010",67.2,
"IDN","LIFEEXP","MEN","YR","A","2011",67.5,
"IDN","LIFEEXP","MEN","YR","A","2012",67.8,
"IDN","LIFEEXP","MEN","YR","A","2013",68.1,
"IDN","LIFEEXP","MEN","YR","A","2014",68.4,
"IDN","LIFEEXP","MEN","YR","A","2015",68.7,
"IDN","LIFEEXP","MEN","YR","A","2016",68.9,
"IDN","LIFEEXP","MEN","YR","A","2017",69.2,
"IDN","LIFEEXP","MEN","YR","A","2018",69.4,
"IDN","LIFEEXP","WOMEN","YR","A","1999",66.9,
"IDN","LIFEEXP","WOMEN","YR","A","2000",67.2,
"IDN","LIFEEXP","WOMEN","YR","A","2001",67.5,
"IDN","LIFEEXP","WOMEN","YR","A","2002",67.9,
"IDN","LIFEEXP","WOMEN","YR","A","2003",68.2,
"IDN","LIFEEXP","WOMEN","YR","A","2004",68.7,
"IDN","LIFEEXP","WOMEN","YR","A","2005",69.1,
"IDN","LIFEEXP","WOMEN","YR","A","2006",69.6,
"IDN","LIFEEXP","WOMEN","YR","A","2007",70,
"IDN","LIFEEXP","WOMEN","YR","A","2008",70.5,
"IDN","LIFEEXP","WOMEN","YR","A","2009",70.9,
"IDN","LIFEEXP","WOMEN","YR","A","2010",71.3,
"IDN","LIFEEXP","WOMEN","YR","A","2011",71.7,
"IDN","LIFEEXP","WOMEN","YR","A","2012",72,
"IDN","LIFEEXP","WOMEN","YR","A","2013",72.4,
"IDN","LIFEEXP","WOMEN","YR","A","2014",72.7,
"IDN","LIFEEXP","WOMEN","YR","A","2015",73,
"IDN","LIFEEXP","WOMEN","YR","A","2016",73.3,
"IDN","LIFEEXP","WOMEN","YR","A","2017",73.5,
"IDN","LIFEEXP","WOMEN","YR","A","2018",73.7,
"ISR","LIFEEXP","MEN","YR","A","1999",76.6,
"ISR","LIFEEXP","MEN","YR","A","2000",76.7,
"ISR","LIFEEXP","MEN","YR","A","2001",77.3,
"ISR","LIFEEXP","MEN","YR","A","2002",77.5,
"ISR","LIFEEXP","MEN","YR","A","2003",77.6,
"ISR","LIFEEXP","MEN","YR","A","2004",78,
"ISR","LIFEEXP","MEN","YR","A","2005",78.2,
"ISR","LIFEEXP","MEN","YR","A","2006",78.7,
"ISR","LIFEEXP","MEN","YR","A","2007",78.7,
"ISR","LIFEEXP","MEN","YR","A","2008",79,
"ISR","LIFEEXP","MEN","YR","A","2009",79.6,"B"
"ISR","LIFEEXP","MEN","YR","A","2010",79.7,
"ISR","LIFEEXP","MEN","YR","A","2011",79.9,
"ISR","LIFEEXP","MEN","YR","A","2012",79.9,
"ISR","LIFEEXP","MEN","YR","A","2013",80.3,
"ISR","LIFEEXP","MEN","YR","A","2014",80.3,
"ISR","LIFEEXP","MEN","YR","A","2015",80.1,
"ISR","LIFEEXP","MEN","YR","A","2016",80.7,
"ISR","LIFEEXP","MEN","YR","A","2017",80.6,
"ISR","LIFEEXP","MEN","YR","A","2018",80.9,
"ISR","LIFEEXP","WOMEN","YR","A","1999",80.4,
"ISR","LIFEEXP","WOMEN","YR","A","2000",80.9,
"ISR","LIFEEXP","WOMEN","YR","A","2001",81.2,
"ISR","LIFEEXP","WOMEN","YR","A","2002",81.5,
"ISR","LIFEEXP","WOMEN","YR","A","2003",81.8,
"ISR","LIFEEXP","WOMEN","YR","A","2004",82.4,
"ISR","LIFEEXP","WOMEN","YR","A","2005",82.2,
"ISR","LIFEEXP","WOMEN","YR","A","2006",82.5,
"ISR","LIFEEXP","WOMEN","YR","A","2007",82.4,
"ISR","LIFEEXP","WOMEN","YR","A","2008",83,
"ISR","LIFEEXP","WOMEN","YR","A","2009",83.3,"B"
"ISR","LIFEEXP","WOMEN","YR","A","2010",83.6,
"ISR","LIFEEXP","WOMEN","YR","A","2011",83.5,
"ISR","LIFEEXP","WOMEN","YR","A","2012",83.6,
"ISR","LIFEEXP","WOMEN","YR","A","2013",83.9,
"ISR","LIFEEXP","WOMEN","YR","A","2014",84.1,
"ISR","LIFEEXP","WOMEN","YR","A","2015",84.1,
"ISR","LIFEEXP","WOMEN","YR","A","2016",84.2,
"ISR","LIFEEXP","WOMEN","YR","A","2017",84.6,
"ISR","LIFEEXP","WOMEN","YR","A","2018",84.8,
"RUS","LIFEEXP","MEN","YR","A","1999",59.9,
"RUS","LIFEEXP","MEN","YR","A","2000",59,
"RUS","LIFEEXP","MEN","YR","A","2001",58.9,
"RUS","LIFEEXP","MEN","YR","A","2002",58.7,
"RUS","LIFEEXP","MEN","YR","A","2003",58.5,
"RUS","LIFEEXP","MEN","YR","A","2004",58.9,
"RUS","LIFEEXP","MEN","YR","A","2005",58.9,
"RUS","LIFEEXP","MEN","YR","A","2006",60.4,
"RUS","LIFEEXP","MEN","YR","A","2007",61.5,
"RUS","LIFEEXP","MEN","YR","A","2008",61.9,
"RUS","LIFEEXP","MEN","YR","A","2009",62.9,
"RUS","LIFEEXP","MEN","YR","A","2010",63.1,
"RUS","LIFEEXP","MEN","YR","A","2011",64,
"RUS","LIFEEXP","MEN","YR","A","2012",64.6,
"RUS","LIFEEXP","MEN","YR","A","2013",65.1,
"RUS","LIFEEXP","MEN","YR","A","2014",65.3,"B"
"RUS","LIFEEXP","MEN","YR","A","2015",65.9,
"RUS","LIFEEXP","MEN","YR","A","2016",66.5,
"RUS","LIFEEXP","MEN","YR","A","2017",67.5,
"RUS","LIFEEXP","MEN","YR","A","2018",67.8,
"RUS","LIFEEXP","WOMEN","YR","A","1999",72.4,
"RUS","LIFEEXP","WOMEN","YR","A","2000",72.3,
"RUS","LIFEEXP","WOMEN","YR","A","2001",72.2,
"RUS","LIFEEXP","WOMEN","YR","A","2002",71.9,
"RUS","LIFEEXP","WOMEN","YR","A","2003",71.9,
"RUS","LIFEEXP","WOMEN","YR","A","2004",72.4,
"RUS","LIFEEXP","WOMEN","YR","A","2005",72.5,
"RUS","LIFEEXP","WOMEN","YR","A","2006",73.3,
"RUS","LIFEEXP","WOMEN","YR","A","2007",74,
"RUS","LIFEEXP","WOMEN","YR","A","2008",74.3,
"RUS","LIFEEXP","WOMEN","YR","A","2009",74.8,
"RUS","LIFEEXP","WOMEN","YR","A","2010",74.9,
"RUS","LIFEEXP","WOMEN","YR","A","2011",75.6,
"RUS","LIFEEXP","WOMEN","YR","A","2012",75.9,
"RUS","LIFEEXP","WOMEN","YR","A","2013",76.3,
"RUS","LIFEEXP","WOMEN","YR","A","2014",76.5,"B"
"RUS","LIFEEXP","WOMEN","YR","A","2015",76.7,
"RUS","LIFEEXP","WOMEN","YR","A","2016",77.1,
"RUS","LIFEEXP","WOMEN","YR","A","2017",77.6,
"RUS","LIFEEXP","WOMEN","YR","A","2018",77.8,
"SVN","LIFEEXP","MEN","YR","A","1999",71.8,
"SVN","LIFEEXP","MEN","YR","A","2000",72.2,
"SVN","LIFEEXP","MEN","YR","A","2001",72.3,
"SVN","LIFEEXP","MEN","YR","A","2002",72.6,
"SVN","LIFEEXP","MEN","YR","A","2003",72.5,
"SVN","LIFEEXP","MEN","YR","A","2004",73.5,
"SVN","LIFEEXP","MEN","YR","A","2005",73.9,
"SVN","LIFEEXP","MEN","YR","A","2006",74.5,
"SVN","LIFEEXP","MEN","YR","A","2007",74.6,
"SVN","LIFEEXP","MEN","YR","A","2008",75.5,"B"
"SVN","LIFEEXP","MEN","YR","A","2009",75.9,
"SVN","LIFEEXP","MEN","YR","A","2010",76.4,
"SVN","LIFEEXP","MEN","YR","A","2011",76.8,
"SVN","LIFEEXP","MEN","YR","A","2012",77.1,
"SVN","LIFEEXP","MEN","YR","A","2013",77.2,
"SVN","LIFEEXP","MEN","YR","A","2014",78.2,
"SVN","LIFEEXP","MEN","YR","A","2015",77.8,
"SVN","LIFEEXP","MEN","YR","A","2016",78.2,
"SVN","LIFEEXP","MEN","YR","A","2017",78.2,
"SVN","LIFEEXP","MEN","YR","A","2018",78.5,
"SVN","LIFEEXP","WOMEN","YR","A","1999",79.5,
"SVN","LIFEEXP","WOMEN","YR","A","2000",79.9,
"SVN","LIFEEXP","WOMEN","YR","A","2001",80.4,
"SVN","LIFEEXP","WOMEN","YR","A","2002",80.5,
"SVN","LIFEEXP","WOMEN","YR","A","2003",80.3,
"SVN","LIFEEXP","WOMEN","YR","A","2004",80.8,
"SVN","LIFEEXP","WOMEN","YR","A","2005",80.9,
"SVN","LIFEEXP","WOMEN","YR","A","2006",82,
"SVN","LIFEEXP","WOMEN","YR","A","2007",82,
"SVN","LIFEEXP","WOMEN","YR","A","2008",82.6,"B"
"SVN","LIFEEXP","WOMEN","YR","A","2009",82.7,
"SVN","LIFEEXP","WOMEN","YR","A","2010",83.1,
"SVN","LIFEEXP","WOMEN","YR","A","2011",83.3,
"SVN","LIFEEXP","WOMEN","YR","A","2012",83.3,
"SVN","LIFEEXP","WOMEN","YR","A","2013",83.6,
"SVN","LIFEEXP","WOMEN","YR","A","2014",84.1,
"SVN","LIFEEXP","WOMEN","YR","A","2015",83.9,
"SVN","LIFEEXP","WOMEN","YR","A","2016",84.3,
"SVN","LIFEEXP","WOMEN","YR","A","2017",84,
"SVN","LIFEEXP","WOMEN","YR","A","2018",84.4,
"ZAF","LIFEEXP","MEN","YR","A","1999",54.1,
"ZAF","LIFEEXP","MEN","YR","A","2000",53.1,
"ZAF","LIFEEXP","MEN","YR","A","2001",52.3,
"ZAF","LIFEEXP","MEN","YR","A","2002",51.7,
"ZAF","LIFEEXP","MEN","YR","A","2003",51.3,
"ZAF","LIFEEXP","MEN","YR","A","2004",51.1,
"ZAF","LIFEEXP","MEN","YR","A","2005",51.1,
"ZAF","LIFEEXP","MEN","YR","A","2006",51.4,
"ZAF","LIFEEXP","MEN","YR","A","2007",52,
"ZAF","LIFEEXP","MEN","YR","A","2008",52.9,
"ZAF","LIFEEXP","MEN","YR","A","2009",53.8,
"ZAF","LIFEEXP","MEN","YR","A","2010",54.9,
"ZAF","LIFEEXP","MEN","YR","A","2011",56,
"ZAF","LIFEEXP","MEN","YR","A","2012",57,
"ZAF","LIFEEXP","MEN","YR","A","2013",58,
"ZAF","LIFEEXP","MEN","YR","A","2014",58.7,
"ZAF","LIFEEXP","MEN","YR","A","2015",59.3,
"ZAF","LIFEEXP","MEN","YR","A","2016",59.8,
"ZAF","LIFEEXP","MEN","YR","A","2017",60.2,
"ZAF","LIFEEXP","MEN","YR","A","2018",60.5,
"ZAF","LIFEEXP","WOMEN","YR","A","1999",60.5,
"ZAF","LIFEEXP","WOMEN","YR","A","2000",59.2,
"ZAF","LIFEEXP","WOMEN","YR","A","2001",58,
"ZAF","LIFEEXP","WOMEN","YR","A","2002",57.1,
"ZAF","LIFEEXP","WOMEN","YR","A","2003",56.4,
"ZAF","LIFEEXP","WOMEN","YR","A","2004",56,
"ZAF","LIFEEXP","WOMEN","YR","A","2005",55.9,
"ZAF","LIFEEXP","WOMEN","YR","A","2006",56.3,
"ZAF","LIFEEXP","WOMEN","YR","A","2007",57,
"ZAF","LIFEEXP","WOMEN","YR","A","2008",58,
"ZAF","LIFEEXP","WOMEN","YR","A","2009",59.2,
"ZAF","LIFEEXP","WOMEN","YR","A","2010",60.6,
"ZAF","LIFEEXP","WOMEN","YR","A","2011",61.9,
"ZAF","LIFEEXP","WOMEN","YR","A","2012",63.2,
"ZAF","LIFEEXP","WOMEN","YR","A","2013",64.4,
"ZAF","LIFEEXP","WOMEN","YR","A","2014",65.4,
"ZAF","LIFEEXP","WOMEN","YR","A","2015",66.1,
"ZAF","LIFEEXP","WOMEN","YR","A","2016",66.7,
"ZAF","LIFEEXP","WOMEN","YR","A","2017",67.1,
"ZAF","LIFEEXP","WOMEN","YR","A","2018",67.4,
"COL","LIFEEXP","MEN","YR","A","1999",69.2,
"COL","LIFEEXP","MEN","YR","A","2000",69.6,
"COL","LIFEEXP","MEN","YR","A","2001",69.9,
"COL","LIFEEXP","MEN","YR","A","2002",70.2,
"COL","LIFEEXP","MEN","YR","A","2003",70.5,
"COL","LIFEEXP","MEN","YR","A","2004",70.8,
"COL","LIFEEXP","MEN","YR","A","2005",71.1,
"COL","LIFEEXP","MEN","YR","A","2006",71.4,
"COL","LIFEEXP","MEN","YR","A","2007",71.6,
"COL","LIFEEXP","MEN","YR","A","2008",71.9,
"COL","LIFEEXP","MEN","YR","A","2009",72.2,
"COL","LIFEEXP","MEN","YR","A","2010",72.4,
"COL","LIFEEXP","MEN","YR","A","2011",72.7,
"COL","LIFEEXP","MEN","YR","A","2012",73,
"COL","LIFEEXP","MEN","YR","A","2013",73.2,
"COL","LIFEEXP","MEN","YR","A","2014",73.5,
"COL","LIFEEXP","MEN","YR","A","2015",73.7,
"COL","LIFEEXP","MEN","YR","A","2016",73.9,
"COL","LIFEEXP","MEN","YR","A","2017",74.1,
"COL","LIFEEXP","MEN","YR","A","2018",74.3,
"COL","LIFEEXP","WOMEN","YR","A","1999",76,
"COL","LIFEEXP","WOMEN","YR","A","2000",76.3,
"COL","LIFEEXP","WOMEN","YR","A","2001",76.5,
"COL","LIFEEXP","WOMEN","YR","A","2002",76.8,
"COL","LIFEEXP","WOMEN","YR","A","2003",77,
"COL","LIFEEXP","WOMEN","YR","A","2004",77.2,
"COL","LIFEEXP","WOMEN","YR","A","2005",77.4,
"COL","LIFEEXP","WOMEN","YR","A","2006",77.6,
"COL","LIFEEXP","WOMEN","YR","A","2007",77.8,
"COL","LIFEEXP","WOMEN","YR","A","2008",78,
"COL","LIFEEXP","WOMEN","YR","A","2009",78.2,
"COL","LIFEEXP","WOMEN","YR","A","2010",78.4,
"COL","LIFEEXP","WOMEN","YR","A","2011",78.6,
"COL","LIFEEXP","WOMEN","YR","A","2012",78.8,
"COL","LIFEEXP","WOMEN","YR","A","2013",79,
"COL","LIFEEXP","WOMEN","YR","A","2014",79.2,
"COL","LIFEEXP","WOMEN","YR","A","2015",79.3,
"COL","LIFEEXP","WOMEN","YR","A","2016",79.5,
"COL","LIFEEXP","WOMEN","YR","A","2017",79.7,
"COL","LIFEEXP","WOMEN","YR","A","2018",79.9,
"LVA","LIFEEXP","MEN","YR","A","2002",64.4,
"LVA","LIFEEXP","MEN","YR","A","2003",65.3,
"LVA","LIFEEXP","MEN","YR","A","2004",65.6,
"LVA","LIFEEXP","MEN","YR","A","2005",64.9,
"LVA","LIFEEXP","MEN","YR","A","2006",65,
"LVA","LIFEEXP","MEN","YR","A","2007",65.3,
"LVA","LIFEEXP","MEN","YR","A","2008",66.5,
"LVA","LIFEEXP","MEN","YR","A","2009",67.5,
"LVA","LIFEEXP","MEN","YR","A","2010",67.9,
"LVA","LIFEEXP","MEN","YR","A","2011",68.6,
"LVA","LIFEEXP","MEN","YR","A","2012",68.9,
"LVA","LIFEEXP","MEN","YR","A","2013",69.3,
"LVA","LIFEEXP","MEN","YR","A","2014",69.1,
"LVA","LIFEEXP","MEN","YR","A","2015",69.7,
"LVA","LIFEEXP","MEN","YR","A","2016",69.8,
"LVA","LIFEEXP","MEN","YR","A","2017",69.8,
"LVA","LIFEEXP","MEN","YR","A","2018",70.1,
"LVA","LIFEEXP","WOMEN","YR","A","2002",75.8,
"LVA","LIFEEXP","WOMEN","YR","A","2003",75.7,
"LVA","LIFEEXP","WOMEN","YR","A","2004",76,
"LVA","LIFEEXP","WOMEN","YR","A","2005",76.3,
"LVA","LIFEEXP","WOMEN","YR","A","2006",76.1,
"LVA","LIFEEXP","WOMEN","YR","A","2007",76.2,
"LVA","LIFEEXP","WOMEN","YR","A","2008",77.5,
"LVA","LIFEEXP","WOMEN","YR","A","2009",77.7,
"LVA","LIFEEXP","WOMEN","YR","A","2010",78,
"LVA","LIFEEXP","WOMEN","YR","A","2011",78.8,
"LVA","LIFEEXP","WOMEN","YR","A","2012",78.9,
"LVA","LIFEEXP","WOMEN","YR","A","2013",78.9,
"LVA","LIFEEXP","WOMEN","YR","A","2014",79.4,
"LVA","LIFEEXP","WOMEN","YR","A","2015",79.5,
"LVA","LIFEEXP","WOMEN","YR","A","2016",79.6,
"LVA","LIFEEXP","WOMEN","YR","A","2017",79.7,
"LVA","LIFEEXP","WOMEN","YR","A","2018",79.7,
"LTU","LIFEEXP","MEN","YR","A","1999",66.3,
"LTU","LIFEEXP","MEN","YR","A","2000",66.7,
"LTU","LIFEEXP","MEN","YR","A","2001",65.9,
"LTU","LIFEEXP","MEN","YR","A","2002",66.1,
"LTU","LIFEEXP","MEN","YR","A","2003",66.4,
"LTU","LIFEEXP","MEN","YR","A","2004",66.2,
"LTU","LIFEEXP","MEN","YR","A","2005",65.2,
"LTU","LIFEEXP","MEN","YR","A","2006",65,
"LTU","LIFEEXP","MEN","YR","A","2007",64.5,
"LTU","LIFEEXP","MEN","YR","A","2008",65.9,
"LTU","LIFEEXP","MEN","YR","A","2009",67.1,
"LTU","LIFEEXP","MEN","YR","A","2010",67.6,
"LTU","LIFEEXP","MEN","YR","A","2011",68.1,
"LTU","LIFEEXP","MEN","YR","A","2012",68.4,
"LTU","LIFEEXP","MEN","YR","A","2013",68.5,
"LTU","LIFEEXP","MEN","YR","A","2014",69.2,
"LTU","LIFEEXP","MEN","YR","A","2015",69.2,
"LTU","LIFEEXP","MEN","YR","A","2016",69.5,
"LTU","LIFEEXP","MEN","YR","A","2017",70.7,
"LTU","LIFEEXP","MEN","YR","A","2018",70.9,
"LTU","LIFEEXP","WOMEN","YR","A","1999",77,
"LTU","LIFEEXP","WOMEN","YR","A","2000",77.4,
"LTU","LIFEEXP","WOMEN","YR","A","2001",77.4,
"LTU","LIFEEXP","WOMEN","YR","A","2002",77.4,
"LTU","LIFEEXP","WOMEN","YR","A","2003",77.7,
"LTU","LIFEEXP","WOMEN","YR","A","2004",77.7,
"LTU","LIFEEXP","WOMEN","YR","A","2005",77.4,
"LTU","LIFEEXP","WOMEN","YR","A","2006",77.1,
"LTU","LIFEEXP","WOMEN","YR","A","2007",77.2,
"LTU","LIFEEXP","WOMEN","YR","A","2008",77.6,
"LTU","LIFEEXP","WOMEN","YR","A","2009",78.7,
"LTU","LIFEEXP","WOMEN","YR","A","2010",78.9,
"LTU","LIFEEXP","WOMEN","YR","A","2011",79.3,
"LTU","LIFEEXP","WOMEN","YR","A","2012",79.6,
"LTU","LIFEEXP","WOMEN","YR","A","2013",79.6,
"LTU","LIFEEXP","WOMEN","YR","A","2014",80.1,
"LTU","LIFEEXP","WOMEN","YR","A","2015",79.7,
"LTU","LIFEEXP","WOMEN","YR","A","2016",80.1,
"LTU","LIFEEXP","WOMEN","YR","A","2017",80.5,
"LTU","LIFEEXP","WOMEN","YR","A","2018",80.7,
"CRI","LIFEEXP","MEN","YR","A","1999",75,
"CRI","LIFEEXP","MEN","YR","A","2000",75.1,
"CRI","LIFEEXP","MEN","YR","A","2001",75.3,
"CRI","LIFEEXP","MEN","YR","A","2002",75.4,
"CRI","LIFEEXP","MEN","YR","A","2003",75.6,
"CRI","LIFEEXP","MEN","YR","A","2004",75.7,
"CRI","LIFEEXP","MEN","YR","A","2005",75.8,
"CRI","LIFEEXP","MEN","YR","A","2006",75.9,
"CRI","LIFEEXP","MEN","YR","A","2007",76,
"CRI","LIFEEXP","MEN","YR","A","2008",76.1,
"CRI","LIFEEXP","MEN","YR","A","2009",76.2,
"CRI","LIFEEXP","MEN","YR","A","2010",76.4,
"CRI","LIFEEXP","MEN","YR","A","2011",76.6,
"CRI","LIFEEXP","MEN","YR","A","2012",76.9,
"CRI","LIFEEXP","MEN","YR","A","2013",77.1,
"CRI","LIFEEXP","MEN","YR","A","2014",77.2,
"CRI","LIFEEXP","MEN","YR","A","2015",77.4,
"CRI","LIFEEXP","MEN","YR","A","2016",77.5,
"CRI","LIFEEXP","MEN","YR","A","2017",77.6,
"CRI","LIFEEXP","MEN","YR","A","2018",77.8,
"CRI","LIFEEXP","WOMEN","YR","A","1999",79.7,
"CRI","LIFEEXP","WOMEN","YR","A","2000",79.8,
"CRI","LIFEEXP","WOMEN","YR","A","2001",80,
"CRI","LIFEEXP","WOMEN","YR","A","2002",80.1,
"CRI","LIFEEXP","WOMEN","YR","A","2003",80.2,
"CRI","LIFEEXP","WOMEN","YR","A","2004",80.4,
"CRI","LIFEEXP","WOMEN","YR","A","2005",80.5,
"CRI","LIFEEXP","WOMEN","YR","A","2006",80.6,
"CRI","LIFEEXP","WOMEN","YR","A","2007",80.8,
"CRI","LIFEEXP","WOMEN","YR","A","2008",80.9,
"CRI","LIFEEXP","WOMEN","YR","A","2009",81.1,
"CRI","LIFEEXP","WOMEN","YR","A","2010",81.2,
"CRI","LIFEEXP","WOMEN","YR","A","2011",81.6,
"CRI","LIFEEXP","WOMEN","YR","A","2012",81.9,
"CRI","LIFEEXP","WOMEN","YR","A","2013",82.1,
"CRI","LIFEEXP","WOMEN","YR","A","2014",82.3,
"CRI","LIFEEXP","WOMEN","YR","A","2015",82.4,
"CRI","LIFEEXP","WOMEN","YR","A","2016",82.6,
"CRI","LIFEEXP","WOMEN","YR","A","2017",82.7,
"CRI","LIFEEXP","WOMEN","YR","A","2018",82.9,
